url,id,num_keywords,keywords
https://br.indeed.com/viewjob?jk=d76a6f4230a32d0c,d76a6f4230a32d0c,10,"CEM, Engenharia de software, Frameworks, IoT, Kanban, Metodologias ágeis, MongoDB, PostgreSQL, SQL, Scrum"
https://br.indeed.com/viewjob?jk=31c4eb825ec96764,31c4eb825ec96764,9,"Engenharia de software, Frameworks, IoT, Kanban, Metodologias ágeis, MongoDB, PostgreSQL, SQL, Scrum"
https://br.indeed.com/viewjob?jk=d0e3ca05a62d2ba5,d0e3ca05a62d2ba5,9,"Frameworks, IoT, Metodologias ágeis, Modelagem de dados, MySQL, Padrões de projeto, PostgreSQL, SQL, Sistemas de controle"
https://br.indeed.com/viewjob?jk=80f2dabd009e36d3,80f2dabd009e36d3,9,"Arquitetura de software, Engenharia de software, Kanban, Metodologias ágeis, MongoDB, PostgreSQL, SQL, Scrum, UML"
https://br.indeed.com/viewjob?jk=211267896649149f,211267896649149f,9,"Arquitetura de software, Deep learning, EMI, Frameworks, Inteligência artificial, Machine learning, Metodologias ágeis, PyTorch, TensorFlow"
https://br.indeed.com/viewjob?jk=02598e2a006c3a60,02598e2a006c3a60,9,"CEM, Deep learning, Frameworks, Kanban, Machine learning, Metodologias ágeis, PyTorch, Scrum, TensorFlow"
https://br.indeed.com/viewjob?jk=8fd94021d1db21c3,8fd94021d1db21c3,9,"Bancos de dados NoSQL, EMI, Engenharia de software, Kanban, Metodologias ágeis, MongoDB, Otimização de queries, SQL, Scrum"
https://br.indeed.com/viewjob?jk=d5855a9245979e0c,d5855a9245979e0c,9,"CoAP, Engenharia de software, Frameworks, Inteligência artificial, IoT, Levantamento de requisitos, Metodologias ágeis, SQL, Scrum"
https://br.indeed.com/viewjob?jk=cde5f2789dc1598f,cde5f2789dc1598f,8,"CoAP, Engenharia de software, Frameworks, IoT, Levantamento de requisitos, Metodologias ágeis, SQL, Scrum"
https://br.indeed.com/viewjob?jk=803fa1a8b891496b,803fa1a8b891496b,8,"Inteligência artificial, IoT, Kanban, Machine learning, PyTorch, Scikit-learn, Scrum, TensorFlow"
https://br.indeed.com/viewjob?jk=c0a3bfd14fbb579a,c0a3bfd14fbb579a,8,"CEM, Engenharia de software, Metodologias ágeis, MongoDB, MySQL, SQL, Scrum, Sistemas de controle"
https://br.indeed.com/viewjob?jk=819d775327dc8301,819d775327dc8301,8,"Análise de dados, Casos de uso, Inteligência artificial, Kanban, Machine learning, Metodologias ágeis, Scrum, UML"
https://br.indeed.com/viewjob?jk=e16ba1b0c4d54dc3,e16ba1b0c4d54dc3,8,"Análise de sistemas, CEM, Casos de uso, EMI, Levantamento de requisitos, Metodologias ágeis, SQL, UML"
https://br.indeed.com/viewjob?jk=d68d67963cbb30f6,d68d67963cbb30f6,8,"Aprendizado de máquina, Deep learning, Inteligência artificial, IoT, Machine learning, PyTorch, Scikit-learn, TensorFlow"
https://br.indeed.com/viewjob?jk=b598ee6820dd4c28,b598ee6820dd4c28,8,"EMI, Frameworks, Kanban, Metodologias ágeis, MongoDB, PostgreSQL, SQL, Scrum"
https://br.indeed.com/viewjob?jk=07106a3eaf5eccb8,07106a3eaf5eccb8,8,"Arquitetura de software, CEM, Classificação, Frameworks, Inteligência artificial, Kanban, Metodologias ágeis, Scrum"
https://br.indeed.com/viewjob?jk=976e125a20d249e7,976e125a20d249e7,8,"CEM, Engenharia de software, Metodologias ágeis, MongoDB, MySQL, SQL, Scrum, Sistemas de controle"
https://br.indeed.com/viewjob?jk=01658b355e4d81ec,01658b355e4d81ec,7,"Arquitetura de software, Frameworks, Kanban, MongoDB, PostgreSQL, SQL, Scrum"
https://br.indeed.com/viewjob?jk=634b2a5ad3be5e46,634b2a5ad3be5e46,7,"Arquitetura de software, EMI, MongoDB, MySQL, PostgreSQL, SQL, UPS"
https://br.indeed.com/viewjob?jk=faf0ccb8322ce818,faf0ccb8322ce818,7,"Arquitetura de software, Kanban, Levantamento de requisitos, MongoDB, MySQL, SQL, Scrum"
https://br.indeed.com/viewjob?jk=031af362d8a44c95,031af362d8a44c95,7,"Banco de dados relacional, CEM, Frameworks, MongoDB, PostgreSQL, SQL, UPS"
https://br.indeed.com/viewjob?jk=5b96e5e170275e52,5b96e5e170275e52,7,"CEM, EMI, Inteligência artificial, Kanban, Levantamento de requisitos, Metodologias ágeis, Scrum"
https://br.indeed.com/viewjob?jk=79f63380afa31137,79f63380afa31137,7,"Engenharia de software, Frameworks, IoT, Metodologias ágeis, MySQL, PostgreSQL, SQL"
https://br.indeed.com/viewjob?jk=fdcd48be2b40ad2c,fdcd48be2b40ad2c,7,"Análise de sistemas, CEM, Engenharia de software, Kanban, Metodologias ágeis, SQL, Scrum"
https://br.indeed.com/viewjob?jk=36940bba889d2074,36940bba889d2074,7,"Análise de sistemas, Casos de uso, Engenharia de software, Kanban, Levantamento de requisitos, SQL, Scrum"
https://br.indeed.com/viewjob?jk=ffbdc87dc760d01e,ffbdc87dc760d01e,6,"CEM, Metodologias ágeis, MySQL, PostgreSQL, SQL, Scrum"
https://br.indeed.com/viewjob?jk=596919c3ac5e1b97,596919c3ac5e1b97,6,"CEM, EMI, Frameworks, MongoDB, PostgreSQL, SQL"
https://br.indeed.com/viewjob?jk=6af35e80889d2046,6af35e80889d2046,6,"Frameworks, Kanban, Metodologias ágeis, Regressão, SQL, Scrum"
https://br.indeed.com/viewjob?jk=97e07ca640883a67,97e07ca640883a67,6,"CEM, Engenharia de software, Frameworks, Kanban, Metodologias ágeis, Scrum"
https://br.indeed.com/viewjob?jk=2741cf33930c798e,2741cf33930c798e,6,"CEM, Kanban, Metodologias ágeis, MySQL, SQL, Scrum"
https://br.indeed.com/viewjob?jk=1464c2595597718b,1464c2595597718b,6,"Arquitetura de software, EMI, Frameworks, PostgreSQL, SQL, UPS"
https://br.indeed.com/viewjob?jk=c1c0067de72f7b2c,c1c0067de72f7b2c,6,"EMI, Engenharia de software, Metodologias ágeis, PostgreSQL, SQL, Scrum"
https://br.indeed.com/viewjob?jk=83ca3e68785aaf43,83ca3e68785aaf43,6,"CEM, Kanban, Levantamento de requisitos, Metodologias ágeis, SQL, Scrum"
https://br.indeed.com/viewjob?jk=7551769dc1b98f9f,7551769dc1b98f9f,6,"CEM, EMI, IoT, Kanban, Metodologias ágeis, Scrum"
https://br.indeed.com/viewjob?jk=dc8c8ea75c506e2d,dc8c8ea75c506e2d,6,"Kanban, Metodologias ágeis, MongoDB, MySQL, SQL, Scrum"
https://br.indeed.com/viewjob?jk=cc714a7b4dda3199,cc714a7b4dda3199,6,"Frameworks, Machine learning, PyTorch, Scikit-learn, TensorFlow, UPS"
https://br.indeed.com/viewjob?jk=76867024b0b63cdc,76867024b0b63cdc,6,"Arquitetura de software, CEM, Frameworks, Kanban, SQL, Scrum"
https://br.indeed.com/viewjob?jk=1db4ed6a42cb663a,1db4ed6a42cb663a,6,"Aprendizado de máquina, Engenharia de software, Machine learning, Metodologias ágeis, SQL, Scrum"
https://br.indeed.com/viewjob?jk=801d7aa9a2b5d715,801d7aa9a2b5d715,6,"EMI, Inteligência artificial, Kanban, Levantamento de requisitos, Metodologias ágeis, Scrum"
https://br.indeed.com/viewjob?jk=3d0b1157a4eaed85,3d0b1157a4eaed85,6,"Análise de sistemas, Kanban, Metodologias ágeis, Regressão, SQL, Testes de software"
https://br.indeed.com/viewjob?jk=f7c0b84fe5ad2c70,f7c0b84fe5ad2c70,6,"Análise de dados, CEM, EMI, MySQL, PostgreSQL, SQL"
https://br.indeed.com/viewjob?jk=649bfcafc8df861f,649bfcafc8df861f,6,"Modelagem de dados, MongoDB, MySQL, PostgreSQL, SQL, Scrum"
https://br.indeed.com/viewjob?jk=09bc5ace58c4588e,09bc5ace58c4588e,6,"Engenharia de software, Frameworks, Inteligência artificial, IoT, SQL, UPS"
https://br.indeed.com/viewjob?jk=e40ec43e9e980b07,e40ec43e9e980b07,6,"CEM, EMI, Metodologias ágeis, MySQL, PostgreSQL, SQL"
https://br.indeed.com/viewjob?jk=f8a226f35bbe0799,f8a226f35bbe0799,6,"Análise de dados, EMI, IoT, Kanban, Metodologias ágeis, Scrum"
https://br.indeed.com/viewjob?jk=6fcd028a7249415e,6fcd028a7249415e,6,"Análise de dados, EMI, Kanban, Metodologias ágeis, SQL, Scrum"
https://br.indeed.com/viewjob?jk=14995ef176a57ef1,14995ef176a57ef1,6,"Kanban, Machine learning, Metodologias ágeis, Modelos preditivos, SQL, Scrum"
https://br.indeed.com/viewjob?jk=8adf91d69f636a09,8adf91d69f636a09,6,"Arquitetura de software, EMI, Engenharia de software, Frameworks, Metodologias ágeis, Modelagem de dados"
https://br.indeed.com/viewjob?jk=eaba9a9a8bc0b23f,eaba9a9a8bc0b23f,6,"Análise de sistemas, Arquitetura de software, Levantamento de requisitos, MySQL, PostgreSQL, SQL"
https://br.indeed.com/viewjob?jk=76305b930db6143e,76305b930db6143e,6,"IoT, Kanban, Metodologias ágeis, PostgreSQL, SQL, Scrum"
https://br.indeed.com/viewjob?jk=5e69ad2424c73873,5e69ad2424c73873,6,"IoT, Kanban, Metodologias ágeis, PostgreSQL, SQL, Scrum"
https://br.indeed.com/viewjob?jk=d1f8b6f83b78ab21,d1f8b6f83b78ab21,6,"CEM, Frameworks, MySQL, PostgreSQL, Regressão, SQL"
https://br.indeed.com/viewjob?jk=cfeded5a2ae07c59,cfeded5a2ae07c59,6,"Engenharia de software, Frameworks, Inteligência artificial, IoT, Levantamento de requisitos, SQL"
https://br.indeed.com/viewjob?jk=f3375ec923c031cd,f3375ec923c031cd,6,"EMI, Engenharia de software, Frameworks, Kanban, Metodologias ágeis, Scrum"
https://br.indeed.com/viewjob?jk=13f77124d69ce9dd,13f77124d69ce9dd,6,"Frameworks, Kanban, Machine learning, Metodologias ágeis, Modelos preditivos, Scrum"
https://br.indeed.com/viewjob?jk=9469446e74c243fe,9469446e74c243fe,6,"CEM, EMI, Kanban, Metodologias ágeis, SQL, Scrum"
https://br.indeed.com/viewjob?jk=0fa73d7475a52ebf,0fa73d7475a52ebf,6,"Engenharia de software, Kanban, Metodologias ágeis, MySQL, SQL, Scrum"
https://br.indeed.com/viewjob?jk=6f8f1767d3e779ec,6f8f1767d3e779ec,5,"Administração de banco de dados, Banco de dados relacional, MongoDB, PostgreSQL, SQL"
https://br.indeed.com/viewjob?jk=5b6e953d415c82bf,5b6e953d415c82bf,5,"Frameworks, IoT, MongoDB, PostgreSQL, SQL"
https://br.indeed.com/viewjob?jk=573cf4a803993534,573cf4a803993534,5,"Kanban, Levantamento de requisitos, Metodologias ágeis, SQL, Scrum"
https://br.indeed.com/viewjob?jk=c19a021be03d0897,c19a021be03d0897,5,"CEM, Frameworks, IoT, Metodologias ágeis, Scrum"
https://br.indeed.com/viewjob?jk=f21ca6a4f2bfbb70,f21ca6a4f2bfbb70,5,"CEM, EMI, Redes de computadores, SQL, Scrum"
https://br.indeed.com/viewjob?jk=67629bd3daf3eaed,67629bd3daf3eaed,5,"CEM, Frameworks, Kanban, Metodologias ágeis, Scrum"
https://br.indeed.com/viewjob?jk=f514d535369cd410,f514d535369cd410,5,"Frameworks, Kanban, Machine learning, Modelos preditivos, Scrum"
https://br.indeed.com/viewjob?jk=3f4955398d86ec0d,3f4955398d86ec0d,5,"Banco de dados relacional, Frameworks, MySQL, PostgreSQL, SQL"
https://br.indeed.com/viewjob?jk=83422358cfca5279,83422358cfca5279,5,"Análise de sistemas, MongoDB, MySQL, Redes de computadores, SQL"
https://br.indeed.com/viewjob?jk=3cca43fbfe320f52,3cca43fbfe320f52,5,"CEM, EMI, IoT, Micro-ondas, UPS"
https://br.indeed.com/viewjob?jk=ddd4fd11c64f28bf,ddd4fd11c64f28bf,5,"Metodologias ágeis, Modelagem de software, MongoDB, SQL, Scrum"
https://br.indeed.com/viewjob?jk=691fc1ef5d54a935,691fc1ef5d54a935,5,"EMI, Frameworks, PostgreSQL, SQL, Scrum"
https://br.indeed.com/viewjob?jk=c614f66eb2f4ca31,c614f66eb2f4ca31,5,"Frameworks, Kanban, Machine learning, Modelos preditivos, Scrum"
https://br.indeed.com/viewjob?jk=f1d2dde9e11188f5,f1d2dde9e11188f5,5,"EMI, Engenharia de software, Frameworks, PostgreSQL, SQL"
https://br.indeed.com/viewjob?jk=c16656dbd3e87ad9,c16656dbd3e87ad9,5,"Frameworks, MongoDB, MySQL, PostgreSQL, SQL"
https://br.indeed.com/viewjob?jk=1f9912149a76e492,1f9912149a76e492,5,"Análise de dados, CEM, Levantamento de requisitos, SQL, Scrum"
https://br.indeed.com/viewjob?jk=cf0663bfe75a197b,cf0663bfe75a197b,5,"CEM, EMI, Engenharia de software, SQL, Testes de software"
https://br.indeed.com/viewjob?jk=baf7410db2ade9b2,baf7410db2ade9b2,5,"CEM, EMI, Kanban, SQL, Scrum"
https://br.indeed.com/viewjob?jk=e2f17be0c8e5d378,e2f17be0c8e5d378,5,"Análise de dados, Engenharia de software, Modelos preditivos, PostgreSQL, SQL"
https://br.indeed.com/viewjob?jk=ffbd3e2802bf62d1,ffbd3e2802bf62d1,5,"Arquitetura de software, Metodologias ágeis, Modelagem de dados, PostgreSQL, SQL"
https://br.indeed.com/viewjob?jk=fe5f3c74f1bf9f1f,fe5f3c74f1bf9f1f,5,"EMI, Metodologias ágeis, Padrões de projeto, PostgreSQL, SQL"
https://br.indeed.com/viewjob?jk=38f748a95dadfe9e,38f748a95dadfe9e,5,"CEM, Frameworks, MySQL, PostgreSQL, SQL"
https://br.indeed.com/viewjob?jk=7e9a4cb9cf15b545,7e9a4cb9cf15b545,5,"CEM, Frameworks, Kanban, Metodologias ágeis, Scrum"
https://br.indeed.com/viewjob?jk=6f66dbd0614284a2,6f66dbd0614284a2,5,"CEM, EMI, Kanban, Metodologias ágeis, Scrum"
https://br.indeed.com/viewjob?jk=559c391574e4f1db,559c391574e4f1db,5,"EMI, Eletrônica de potência, Inversores de frequência, Tiristores, UPS"
https://br.indeed.com/viewjob?jk=7cb0bbe7742cfe9a,7cb0bbe7742cfe9a,5,"Banco de dados relacional, EMI, Frameworks, MySQL, SQL"
https://br.indeed.com/viewjob?jk=8ec5bc89372ab33e,8ec5bc89372ab33e,5,"CEM, EMI, Metodologias ágeis, Padrões de projeto, SQL"
https://br.indeed.com/viewjob?jk=3d24058d1feb2980,3d24058d1feb2980,5,"Análise de dados, Machine learning, Metodologias ágeis, SQL, UPS"
https://br.indeed.com/viewjob?jk=6b1cd0d99ce2be99,6b1cd0d99ce2be99,5,"Arquitetura de software, CEM, EMI, Engenharia de software, Testes de software"
https://br.indeed.com/viewjob?jk=46e54dd13422652d,46e54dd13422652d,5,"Arquitetura de software, CEM, EMI, Engenharia de software, Testes de software"
https://br.indeed.com/viewjob?jk=c6ee0e5ebd31bdcf,c6ee0e5ebd31bdcf,5,"Desenvolvimento ágil, Engenharia de software, MySQL, SQL, Sistemas de controle"
https://br.indeed.com/viewjob?jk=21b83e3f854b80a1,21b83e3f854b80a1,5,"EMI, Frameworks, MongoDB, MySQL, SQL"
https://br.indeed.com/viewjob?jk=2c86463fa7fbe329,2c86463fa7fbe329,5,"CEM, Frameworks, MySQL, PostgreSQL, SQL"
https://br.indeed.com/viewjob?jk=6f0796b63145dfe7,6f0796b63145dfe7,5,"CEM, Desenvolvimento ágil, MongoDB, PostgreSQL, SQL"
https://br.indeed.com/viewjob?jk=cb1f0751f15a024d,cb1f0751f15a024d,5,"EMI, Engenharia de software, Levantamento de requisitos, Metodologias ágeis, SQL"
https://br.indeed.com/viewjob?jk=8fdaeec5263c6faa,8fdaeec5263c6faa,5,"Análise de dados, CEM, EMI, MySQL, SQL"
https://br.indeed.com/viewjob?jk=9fdc3c3dc145a222,9fdc3c3dc145a222,5,"CEM, EMI, MySQL, PostgreSQL, SQL"
https://br.indeed.com/viewjob?jk=28823fb24052d244,28823fb24052d244,5,"Arquitetura de software, CEM, Kanban, SQL, Scrum"
https://br.indeed.com/viewjob?jk=671cff28f9990b22,671cff28f9990b22,5,"EMI, Metodologias ágeis, Padrões de projeto, PostgreSQL, SQL"
https://br.indeed.com/viewjob?jk=2ddcac69abce5cbd,2ddcac69abce5cbd,5,"CEM, EMI, Metodologias ágeis, Padrões de projeto, SQL"
https://br.indeed.com/viewjob?jk=81edc4fc8832bda3,81edc4fc8832bda3,5,"CEM, EMI, Engenharia de software, SQL, Testes de software"
https://br.indeed.com/viewjob?jk=0ad7dad11a9939d6,0ad7dad11a9939d6,5,"Engenharia de software, Inteligência artificial, MongoDB, MySQL, SQL"
https://br.indeed.com/viewjob?jk=b49f816f7573cc6c,b49f816f7573cc6c,5,"Deep learning, Kanban, Machine learning, Scrum, UPS"
https://br.indeed.com/viewjob?jk=bda2850246060577,bda2850246060577,4,"Banco de dados relacional, Frameworks, Padrões de projeto, SQL"
https://br.indeed.com/viewjob?jk=9e9199e96f1803a5,9e9199e96f1803a5,4,"EMI, Kanban, Metodologias ágeis, Scrum"
https://br.indeed.com/viewjob?jk=37e89299248cc897,37e89299248cc897,4,"EMI, Kanban, Metodologias ágeis, Scrum"
https://br.indeed.com/viewjob?jk=0a67c3bd9784432e,0a67c3bd9784432e,4,"Levantamento de requisitos, Metodologias ágeis, SQL, Scrum"
https://br.indeed.com/viewjob?jk=09ebb264f60e031a,09ebb264f60e031a,4,"Kanban, Levantamento de requisitos, Metodologias ágeis, Scrum"
https://br.indeed.com/viewjob?jk=e53f467cf2ef283a,e53f467cf2ef283a,4,"Arquitetura de software, Kanban, Metodologias ágeis, Scrum"
https://br.indeed.com/viewjob?jk=1479e7160bedf063,1479e7160bedf063,4,"CEM, IoT, Padrões de projeto, SQL"
https://br.indeed.com/viewjob?jk=7241022c6e62364f,7241022c6e62364f,4,"Banco de dados relacional, EMI, Levantamento de requisitos, SQL"
https://br.indeed.com/viewjob?jk=b7f723272752a666,b7f723272752a666,4,"Deep learning, Kanban, Scrum, UPS"
https://br.indeed.com/viewjob?jk=99b5c61bae703ade,99b5c61bae703ade,4,"CEM, Redes de computadores, SQL, Scrum"
https://br.indeed.com/viewjob?jk=556f7d2572f36d60,556f7d2572f36d60,4,"EMI, MongoDB, PostgreSQL, SQL"
https://br.indeed.com/viewjob?jk=91b7bd56b676f16b,91b7bd56b676f16b,4,"CEM, Redes de computadores, SQL, Scrum"
https://br.indeed.com/viewjob?jk=d8000a3544a5a3b1,d8000a3544a5a3b1,4,"Inteligência artificial, Kanban, Metodologias ágeis, Scrum"
https://br.indeed.com/viewjob?jk=1315acd16f00af94,1315acd16f00af94,4,"EMI, Kanban, Metodologias ágeis, Scrum"
https://br.indeed.com/viewjob?jk=848bdd52b225cac1,848bdd52b225cac1,4,"Kanban, Metodologias ágeis, SQL, Scrum"
https://br.indeed.com/viewjob?jk=9cdf754e89201678,9cdf754e89201678,4,"CEM, IoT, Padrões de projeto, SQL"
https://br.indeed.com/viewjob?jk=6a9f0aa861e95c3f,6a9f0aa861e95c3f,4,"EMI, IoT, PostgreSQL, SQL"
https://br.indeed.com/viewjob?jk=e45bd622fbfb1963,e45bd622fbfb1963,4,"EMI, Engenharia de software, MongoDB, SQL"
https://br.indeed.com/viewjob?jk=a36c984e32596525,a36c984e32596525,4,"EMI, PostgreSQL, Protocolos de comunicação, SQL"
https://br.indeed.com/viewjob?jk=e1c3ae07543f5af3,e1c3ae07543f5af3,4,"CEM, EMI, Kanban, Scrum"
https://br.indeed.com/viewjob?jk=b80a4b0b4e961e4f,b80a4b0b4e961e4f,4,"Análise de dados, Kanban, Metodologias ágeis, Scrum"
https://br.indeed.com/viewjob?jk=21b3dbcee79c1664,21b3dbcee79c1664,4,"EMI, Engenharia de software, Metodologias ágeis, Regressão"
https://br.indeed.com/viewjob?jk=b8384d16aa8e9732,b8384d16aa8e9732,4,"Frameworks, Kanban, Metodologias ágeis, Scrum"
https://br.indeed.com/viewjob?jk=12c372c838e013dd,12c372c838e013dd,4,"CEM, Inteligência artificial, IoT, Redes de computadores"
https://br.indeed.com/viewjob?jk=0a7a48900e21c92f,0a7a48900e21c92f,4,"Análise de dados, CEM, IoT, MQTT"
https://br.indeed.com/viewjob?jk=ab71b04f6cb9f5be,ab71b04f6cb9f5be,4,"EMI, Interferência eletromagnética, IoT, MQTT"
https://br.indeed.com/viewjob?jk=4763565ecf5052a1,4763565ecf5052a1,4,"EMI, Interferência eletromagnética, IoT, MQTT"
https://br.indeed.com/viewjob?jk=bf458f49353e5bbd,bf458f49353e5bbd,4,"EMI, Kanban, Metodologias ágeis, Scrum"
https://br.indeed.com/viewjob?jk=f90b3fc4a419049e,f90b3fc4a419049e,4,"Frameworks, MongoDB, MySQL, SQL"
https://br.indeed.com/viewjob?jk=fc88704838e709a8,fc88704838e709a8,4,"Banco de dados relacional, Metodologias ágeis, PostgreSQL, SQL"
https://br.indeed.com/viewjob?jk=c93d43cf2c8388f4,c93d43cf2c8388f4,4,"CEM, Inteligência artificial, Kanban, Scrum"
https://br.indeed.com/viewjob?jk=c384a8dd3161b3a9,c384a8dd3161b3a9,4,"AGM, MongoDB, SQL, UPS"
https://br.indeed.com/viewjob?jk=07a0defc50e25c7f,07a0defc50e25c7f,4,"CEM, EMI, Metodologias ágeis, Scrum"
https://br.indeed.com/viewjob?jk=a28f53ea719b52bf,a28f53ea719b52bf,4,"EMI, Metodologias ágeis, Redes de computadores, Scrum"
https://br.indeed.com/viewjob?jk=23ce0a2a63f228b7,23ce0a2a63f228b7,4,"CEM, Desenvolvimento ágil, MySQL, SQL"
https://br.indeed.com/viewjob?jk=57a2146adb4e4dfd,57a2146adb4e4dfd,4,"CEM, EMI, Metodologias ágeis, UPS"
https://br.indeed.com/viewjob?jk=1a8ed775076ae340,1a8ed775076ae340,4,"Análise de dados, Kanban, Machine learning, Scrum"
https://br.indeed.com/viewjob?jk=58ad65f198bc2c46,58ad65f198bc2c46,4,"CEM, EMI, Inteligência artificial, IoT"
https://br.indeed.com/viewjob?jk=4ed6211dea3a7262,4ed6211dea3a7262,4,"GPON, IoT, MQTT, Protocolos de comunicação"
https://br.indeed.com/viewjob?jk=24818443d51e761e,24818443d51e761e,4,"CEM, Classificação, Inteligência artificial, Metodologias ágeis"
https://br.indeed.com/viewjob?jk=8a704b93039f47dc,8a704b93039f47dc,4,"CEM, Compatibilidade eletromagnética, EMI, Eletrônica de potência"
https://br.indeed.com/viewjob?jk=0350d71585e8ac43,0350d71585e8ac43,4,"CEM, EMI, Frameworks, UPS"
https://br.indeed.com/viewjob?jk=34efb7f9e84034ac,34efb7f9e84034ac,4,"CEM, Inversores de frequência, MQTT, Protocolos de comunicação"
https://br.indeed.com/viewjob?jk=47885f5414cf7ee2,47885f5414cf7ee2,4,"EMI, SQL, Testes de software, UML"
https://br.indeed.com/viewjob?jk=e2461fabb47d2b43,e2461fabb47d2b43,4,"Banco de dados relacional, Frameworks, MySQL, SQL"
https://br.indeed.com/viewjob?jk=bc4a770cc050573d,bc4a770cc050573d,4,"Frameworks, MongoDB, Padrões de projeto, SQL"
https://br.indeed.com/viewjob?jk=589226d9ad97a680,589226d9ad97a680,4,"Inteligência artificial, Kanban, Metodologias ágeis, Scrum"
https://br.indeed.com/viewjob?jk=27aa7cf0bde085e4,27aa7cf0bde085e4,4,"EMI, Inteligência artificial, Kanban, UPS"
https://br.indeed.com/viewjob?jk=e03b8a80c73b2cd0,e03b8a80c73b2cd0,4,"EMI, Kanban, Scrum, Testes de software"
https://br.indeed.com/viewjob?jk=68add2e54856f1b2,68add2e54856f1b2,4,"EMI, Frameworks, SQL, Scrum"
https://br.indeed.com/viewjob?jk=ba326da122f6b0d2,ba326da122f6b0d2,4,"CEM, Metodologias ágeis, MySQL, SQL"
https://br.indeed.com/viewjob?jk=843692a797e6fb54,843692a797e6fb54,4,"Arquitetura de software, EMI, PostgreSQL, SQL"
https://br.indeed.com/viewjob?jk=6c99ad4a003ca1ad,6c99ad4a003ca1ad,4,"Análise de dados, MySQL, PostgreSQL, SQL"
https://br.indeed.com/viewjob?jk=917facbe4307bd32,917facbe4307bd32,4,"EMI, Kanban, Metodologias ágeis, Scrum"
https://br.indeed.com/viewjob?jk=e961934099b0cbe9,e961934099b0cbe9,4,"CEM, EMI, PostgreSQL, SQL"
https://br.indeed.com/viewjob?jk=fbd3c72d8e5335b1,fbd3c72d8e5335b1,4,"Acionamento de motores, CEM, EMI, Inteligência artificial"
https://br.indeed.com/viewjob?jk=7689d31931012634,7689d31931012634,4,"Análise de dados, EMI, Inteligência artificial, SQL"
https://br.indeed.com/viewjob?jk=2cdf1efbb9555438,2cdf1efbb9555438,4,"CEM, EMI, IoT, Micro-ondas"
https://br.indeed.com/viewjob?jk=277af5db29b8f75d,277af5db29b8f75d,4,"CEM, Modelagem de dados, Otimização de queries, SQL"
https://br.indeed.com/viewjob?jk=263097e86c93f31b,263097e86c93f31b,4,"CEM, EMI, Micro-ondas, SQL"
https://br.indeed.com/viewjob?jk=9300a40591a0c105,9300a40591a0c105,4,"Análise de dados, CEM, Inteligência artificial, Machine learning"
https://br.indeed.com/viewjob?jk=91e99452361e949c,91e99452361e949c,4,"Frameworks, Kanban, Metodologias ágeis, Scrum"
https://br.indeed.com/viewjob?jk=245fd495ac84ef0c,245fd495ac84ef0c,4,"CEM, EMI, IoT, UPS"
https://br.indeed.com/viewjob?jk=01f6b773b62bd911,01f6b773b62bd911,3,"Análise de dados, CEM, EMI"
https://br.indeed.com/viewjob?jk=b2286510c535cca3,b2286510c535cca3,3,"CEM, EMI, IoT"
https://br.indeed.com/viewjob?jk=c31bc478ef17e6ce,c31bc478ef17e6ce,3,"EMI, Metodologias ágeis, SQL"
https://br.indeed.com/viewjob?jk=1ebd4b8681215755,1ebd4b8681215755,3,"Desenvolvimento ágil, EMI, Metodologias ágeis"
https://br.indeed.com/viewjob?jk=a2eaa954e21d76a7,a2eaa954e21d76a7,3,"Análise de dados, CEM, EMI"
https://br.indeed.com/viewjob?jk=281aabf00e5cc5b7,281aabf00e5cc5b7,3,"CEM, SQL, UPS"
https://br.indeed.com/viewjob?jk=e313e6d0d98b8326,e313e6d0d98b8326,3,"EMI, IoT, Protocolos de comunicação"
https://br.indeed.com/viewjob?jk=07a5b4a763802420,07a5b4a763802420,3,"EMI, IoT, Protocolos de comunicação"
https://br.indeed.com/viewjob?jk=3695166c77c60484,3695166c77c60484,3,"CEM, EMI, IoT"
https://br.indeed.com/viewjob?jk=43a554d2b5ef4f02,43a554d2b5ef4f02,3,"Kanban, Scrum, UPS"
https://br.indeed.com/viewjob?jk=1898dce319d422fe,1898dce319d422fe,3,"EMI, Levantamento de requisitos, Modelagem de dados"
https://br.indeed.com/viewjob?jk=0d9a1ff5347dc0c9,0d9a1ff5347dc0c9,3,"CEM, Scrum, UPS"
https://br.indeed.com/viewjob?jk=fecfe0d71870f2bf,fecfe0d71870f2bf,3,"Kanban, Metodologias ágeis, Scrum"
https://br.indeed.com/viewjob?jk=c422a31e56466f93,c422a31e56466f93,3,"CEM, EMI, Metodologias ágeis"
https://br.indeed.com/viewjob?jk=7b09f19de821a269,7b09f19de821a269,3,"EMI, Metodologias ágeis, Scrum"
https://br.indeed.com/viewjob?jk=11dc6e1aa875507c,11dc6e1aa875507c,3,"Kanban, Metodologias ágeis, Scrum"
https://br.indeed.com/viewjob?jk=4884cf6822ba3c87,4884cf6822ba3c87,3,"CEM, EMI, Metodologias ágeis"
https://br.indeed.com/viewjob?jk=0c4c39b2a4378944,0c4c39b2a4378944,3,"CEM, EMI, Metodologias ágeis"
https://br.indeed.com/viewjob?jk=5243011e4a1767e3,5243011e4a1767e3,3,"EMI, Scrum, UPS"
https://br.indeed.com/viewjob?jk=800afe1bbfdd2188,800afe1bbfdd2188,3,"Arquitetura de software, EMI, Inteligência artificial"
https://br.indeed.com/viewjob?jk=81af313e255e7e08,81af313e255e7e08,3,"Análise de dados, CEM, Kanban"
https://br.indeed.com/viewjob?jk=7b2a1d89e54fd2f0,7b2a1d89e54fd2f0,3,"Machine learning, SQL, UPS"
https://br.indeed.com/viewjob?jk=6090b24104100514,6090b24104100514,3,"MySQL, PostgreSQL, SQL"
https://br.indeed.com/viewjob?jk=51dc7dc832ae0c67,51dc7dc832ae0c67,3,"Frameworks, Inteligência artificial, Machine learning"
https://br.indeed.com/viewjob?jk=6d4f747470e7cd38,6d4f747470e7cd38,3,"CEM, DWDM, GPON"
https://br.indeed.com/viewjob?jk=f1e0fd90a1986e4a,f1e0fd90a1986e4a,3,"CEM, EMI, Redes de computadores"
https://br.indeed.com/viewjob?jk=e9158b0eca06efd4,e9158b0eca06efd4,3,"CEM, Inteligência artificial, IoT"
https://br.indeed.com/viewjob?jk=de55b2acf8242898,de55b2acf8242898,3,"EMI, PostgreSQL, SQL"
https://br.indeed.com/viewjob?jk=036ce4a3ebe259e5,036ce4a3ebe259e5,3,"Desenvolvimento ágil, EMI, Metodologias ágeis"
https://br.indeed.com/viewjob?jk=79acb1d26425c462,79acb1d26425c462,3,"EMI, PostgreSQL, SQL"
https://br.indeed.com/viewjob?jk=04fdbc63dead624a,04fdbc63dead624a,3,"CEM, IoT, Redes de computadores"
https://br.indeed.com/viewjob?jk=4048ac64647a0b86,4048ac64647a0b86,3,"EMI, Otimização de queries, SQL"
https://br.indeed.com/viewjob?jk=90dfc8c87b1a32af,90dfc8c87b1a32af,3,"Internet das Coisas, IoT, Redes de computadores"
https://br.indeed.com/viewjob?jk=71c052a359608788,71c052a359608788,3,"CEM, EMI, Redes de computadores"
https://br.indeed.com/viewjob?jk=9398bbaef1345ad6,9398bbaef1345ad6,3,"Modelagem de dados, SQL, Scrum"
https://br.indeed.com/viewjob?jk=bf91fd8c4b13968a,bf91fd8c4b13968a,3,"Banco de dados relacional, EMI, Modelagem de dados"
https://br.indeed.com/viewjob?jk=d25b626161e75b9d,d25b626161e75b9d,3,"Banco de dados relacional, EMI, IoT"
https://br.indeed.com/viewjob?jk=0a9db41d5c340b7c,0a9db41d5c340b7c,3,"Análise de dados, EMI, SQL"
https://br.indeed.com/viewjob?jk=455779468f732e3a,455779468f732e3a,3,"Análise de dados, CEM, SQL"
https://br.indeed.com/viewjob?jk=f67a401e26c03501,f67a401e26c03501,3,"CEM, EMI, IoT"
https://br.indeed.com/viewjob?jk=d500b0665860475a,d500b0665860475a,3,"CEM, Levantamento de requisitos, Metodologias ágeis"
https://br.indeed.com/viewjob?jk=91289ef4752e80bc,91289ef4752e80bc,3,"Arquitetura de software, Otimização de queries, SQL"
https://br.indeed.com/viewjob?jk=36c1ab20a379ea13,36c1ab20a379ea13,3,"Banco de dados relacional, PostgreSQL, SQL"
https://br.indeed.com/viewjob?jk=bbef617854523dd8,bbef617854523dd8,3,"Frameworks, SQL, Scrum"
https://br.indeed.com/viewjob?jk=a0297dfbe09eb2e5,a0297dfbe09eb2e5,3,"EMI, Metodologias ágeis, Scrum"
https://br.indeed.com/viewjob?jk=9998f9bee7164a5e,9998f9bee7164a5e,3,"Kanban, Metodologias ágeis, Scrum"
https://br.indeed.com/viewjob?jk=0bbb159dae86e5b3,0bbb159dae86e5b3,3,"CEM, EMI, IoT"
https://br.indeed.com/viewjob?jk=f485350b0a4ad994,f485350b0a4ad994,3,"CEM, PostgreSQL, SQL"
https://br.indeed.com/viewjob?jk=8e811bdb16570257,8e811bdb16570257,3,"CEM, Frameworks, SQL"
https://br.indeed.com/viewjob?jk=5a2763c9cd30b6c1,5a2763c9cd30b6c1,3,"CEM, Modelos preditivos, SQL"
https://br.indeed.com/viewjob?jk=732a09e9aa5e5cf7,732a09e9aa5e5cf7,3,"Frameworks, Inteligência artificial, Machine learning"
https://br.indeed.com/viewjob?jk=7c4ffb89bd9de040,7c4ffb89bd9de040,3,"EMI, Frameworks, Metodologias ágeis"
https://br.indeed.com/viewjob?jk=c8d2b5c4c467dfab,c8d2b5c4c467dfab,3,"Análise de dados, CEM, EMI"
https://br.indeed.com/viewjob?jk=52aba7cad4e5c32a,52aba7cad4e5c32a,3,"Engenharia de software, SQL, Sistemas de controle"
https://br.indeed.com/viewjob?jk=1802156cc22122d9,1802156cc22122d9,3,"CEM, EMI, SQL"
https://br.indeed.com/viewjob?jk=db87f3058426062d,db87f3058426062d,3,"CEM, EMI, IoT"
https://br.indeed.com/viewjob?jk=58f629a7bc6028d4,58f629a7bc6028d4,3,"CEM, IoT, SQL"
https://br.indeed.com/viewjob?jk=69649a69dc0a6698,69649a69dc0a6698,3,"CEM, EMI, Metodologias ágeis"
https://br.indeed.com/viewjob?jk=194f338c8176e033,194f338c8176e033,3,"CEM, EMI, Metodologias ágeis"
https://br.indeed.com/viewjob?jk=8007409e8896c50a,8007409e8896c50a,3,"CEM, MySQL, SQL"
https://br.indeed.com/viewjob?jk=a1359f10ee7bbcd4,a1359f10ee7bbcd4,3,"CEM, EMI, Metodologias ágeis"
https://br.indeed.com/viewjob?jk=e30d07cc1d063ce8,e30d07cc1d063ce8,3,"CEM, EMI, Inversores de frequência"
https://br.indeed.com/viewjob?jk=391c50d0374d60a2,391c50d0374d60a2,3,"Análise de dados, CEM, Micro-ondas"
https://br.indeed.com/viewjob?jk=5ade0285513e8706,5ade0285513e8706,3,"Arquitetura de software, MySQL, SQL"
https://br.indeed.com/viewjob?jk=e55cb93f4430f1a0,e55cb93f4430f1a0,3,"CEM, EMI, IoT"
https://br.indeed.com/viewjob?jk=45fe3d4e204d77c7,45fe3d4e204d77c7,3,"CEM, SQL, UPS"
https://br.indeed.com/viewjob?jk=710042d60679da1b,710042d60679da1b,3,"EMI, Metodologias ágeis, SQL"
https://br.indeed.com/viewjob?jk=65a96a33ce01dcb4,65a96a33ce01dcb4,3,"EMI, Kanban, Scrum"
https://br.indeed.com/viewjob?jk=69646fd8fd545af1,69646fd8fd545af1,3,"Kanban, Metodologias ágeis, Scrum"
https://br.indeed.com/viewjob?jk=bb7867f0de565c30,bb7867f0de565c30,3,"CEM, EMI, Metodologias ágeis"
https://br.indeed.com/viewjob?jk=e33947054aa565e5,e33947054aa565e5,3,"CEM, EMI, Metodologias ágeis"
https://br.indeed.com/viewjob?jk=49d74f1bf00389f6,49d74f1bf00389f6,3,"Análise de dados, EMI, Metodologias ágeis"
https://br.indeed.com/viewjob?jk=437dac30ed7c48b2,437dac30ed7c48b2,3,"Kanban, Metodologias ágeis, Scrum"
https://br.indeed.com/viewjob?jk=f2d662943405d5c9,f2d662943405d5c9,3,"Análise de dados, CEM, Metodologias ágeis"
https://br.indeed.com/viewjob?jk=70aff995009bbfbe,70aff995009bbfbe,3,"Acionamento de motores, EMI, Inversores de frequência"
https://br.indeed.com/viewjob?jk=a1462673ee0ebbe2,a1462673ee0ebbe2,3,"Análise de dados, PostgreSQL, SQL"
https://br.indeed.com/viewjob?jk=cf2e1ac3bd732769,cf2e1ac3bd732769,3,"MySQL, Redes de computadores, SQL"
https://br.indeed.com/viewjob?jk=9cec282dd6b6214e,9cec282dd6b6214e,3,"CEM, EMI, IoT"
https://br.indeed.com/viewjob?jk=1a40bba5d840c7b2,1a40bba5d840c7b2,3,"EMI, PostgreSQL, SQL"
https://br.indeed.com/viewjob?jk=b43d151300592e2a,b43d151300592e2a,3,"CEM, Inversores de frequência, Sistemas de controle"
https://br.indeed.com/viewjob?jk=3e698b7364a11645,3e698b7364a11645,3,"Kanban, SQL, Scrum"
https://br.indeed.com/viewjob?jk=d906f5168847bec6,d906f5168847bec6,3,"CEM, EMI, IoT"
https://br.indeed.com/viewjob?jk=c76e60e632e64d7d,c76e60e632e64d7d,3,"CEM, EMI, Sistemas de controle"
https://br.indeed.com/viewjob?jk=eaebc1d69e929edb,eaebc1d69e929edb,3,"Desenvolvimento ágil, EMI, SQL"
https://br.indeed.com/viewjob?jk=5d6ec1eaf47098c0,5d6ec1eaf47098c0,3,"Análise de dados, CEM, EMI"
https://br.indeed.com/viewjob?jk=d632d4da4f4874fb,d632d4da4f4874fb,3,"EMI, Frameworks, IoT"
https://br.indeed.com/viewjob?jk=701b46ab9fe046d0,701b46ab9fe046d0,3,"Banco de dados relacional, CEM, EMI"
https://br.indeed.com/viewjob?jk=ab97a897485aa0c9,ab97a897485aa0c9,3,"CEM, MySQL, SQL"
https://br.indeed.com/viewjob?jk=a23887d0709fdf9b,a23887d0709fdf9b,3,"CEM, MySQL, SQL"
https://br.indeed.com/viewjob?jk=f6ebbc5171f43cc6,f6ebbc5171f43cc6,3,"Frameworks, MySQL, SQL"
https://br.indeed.com/viewjob?jk=78c2c284366830f8,78c2c284366830f8,3,"CEM, EMI, SQL"
https://br.indeed.com/viewjob?jk=cd18cebf625381f3,cd18cebf625381f3,3,"Inteligência artificial, Metodologias ágeis, SQL"
https://br.indeed.com/viewjob?jk=fb6f0f2ecfdd539c,fb6f0f2ecfdd539c,3,"Análise de sistemas, Levantamento de requisitos, SQL"
https://br.indeed.com/viewjob?jk=9e52fb467d378b72,9e52fb467d378b72,3,"IoT, PostgreSQL, SQL"
https://br.indeed.com/viewjob?jk=b6fa8201d0d873bc,b6fa8201d0d873bc,3,"Banco de dados relacional, MySQL, SQL"
https://br.indeed.com/viewjob?jk=867573f5d832e634,867573f5d832e634,3,"CEM, MySQL, SQL"
https://br.indeed.com/viewjob?jk=efd00d5de9ba770f,efd00d5de9ba770f,3,"Otimização de queries, PostgreSQL, SQL"
https://br.indeed.com/viewjob?jk=58e78d55249c247f,58e78d55249c247f,3,"CEM, PostgreSQL, SQL"
https://br.indeed.com/viewjob?jk=f68cb795a4d98e1c,f68cb795a4d98e1c,3,"CEM, EMI, Metodologias ágeis"
https://br.indeed.com/viewjob?jk=366b32666bdbf7f7,366b32666bdbf7f7,3,"CEM, MQTT, Protocolos de comunicação"
https://br.indeed.com/viewjob?jk=8d3a40351233704e,8d3a40351233704e,3,"CEM, EMI, Redes de computadores"
https://br.indeed.com/viewjob?jk=ffff35d4686fc65d,ffff35d4686fc65d,3,"Modelagem de dados, Otimização de queries, SQL"
https://br.indeed.com/viewjob?jk=2a5a1952268dc21c,2a5a1952268dc21c,2,"CEM, EMI"
https://br.indeed.com/viewjob?jk=e5fbed5869aef1a8,e5fbed5869aef1a8,2,"CEM, UPS"
https://br.indeed.com/viewjob?jk=8c0fcc038f517dfc,8c0fcc038f517dfc,2,"IoT, UPS"
https://br.indeed.com/viewjob?jk=057abb16c2a1a771,057abb16c2a1a771,2,"CEM, EMI"
https://br.indeed.com/viewjob?jk=7c6f4e4704cff797,7c6f4e4704cff797,2,"CEM, EMI"
https://br.indeed.com/viewjob?jk=987e19f053f96c8b,987e19f053f96c8b,2,"CEM, IoT"
https://br.indeed.com/viewjob?jk=892bff0e50bb1fc7,892bff0e50bb1fc7,2,"GPON, IoT"
https://br.indeed.com/viewjob?jk=f715ab73255826f0,f715ab73255826f0,2,"CEM, EMI"
https://br.indeed.com/viewjob?jk=69a58fe8253b2402,69a58fe8253b2402,2,"EMI, UPS"
https://br.indeed.com/viewjob?jk=7c001be973f1178b,7c001be973f1178b,2,"IoT, UPS"
https://br.indeed.com/viewjob?jk=b4c1146d74e9a537,b4c1146d74e9a537,2,"Análise de dados, CEM"
https://br.indeed.com/viewjob?jk=4b47396466c7e402,4b47396466c7e402,2,"Aprendizado de máquina, CEM"
https://br.indeed.com/viewjob?jk=ee4b1700564a6a59,ee4b1700564a6a59,2,"CEM, EMI"
https://br.indeed.com/viewjob?jk=f1351926f7316e27,f1351926f7316e27,2,"CEM, EMI"
https://br.indeed.com/viewjob?jk=4abcc96d7c3b398d,4abcc96d7c3b398d,2,"Acionamento de motores, EMI"
https://br.indeed.com/viewjob?jk=03d1b1941e835ddb,03d1b1941e835ddb,2,"CEM, EMI"
https://br.indeed.com/viewjob?jk=46e2c0a895d3839a,46e2c0a895d3839a,2,"CEM, EMI"
https://br.indeed.com/viewjob?jk=4d9b57ccfe3b85da,4d9b57ccfe3b85da,2,"SQL, UPS"
https://br.indeed.com/viewjob?jk=d7503f33494dc408,d7503f33494dc408,2,"EMI, Inversores de frequência"
https://br.indeed.com/viewjob?jk=e41c7dd10277b287,e41c7dd10277b287,2,"CEM, EMI"
https://br.indeed.com/viewjob?jk=5e1b5b5f863619c5,5e1b5b5f863619c5,2,"CEM, EMI"
https://br.indeed.com/viewjob?jk=c5c00e058dd198f3,c5c00e058dd198f3,2,"CEM, EMI"
https://br.indeed.com/viewjob?jk=ac260e473f6659f3,ac260e473f6659f3,2,"CEM, EMI"
https://br.indeed.com/viewjob?jk=b5868df35816b5ec,b5868df35816b5ec,2,"CEM, EMI"
https://br.indeed.com/viewjob?jk=391a694013335e11,391a694013335e11,2,"CEM, EMI"
https://br.indeed.com/viewjob?jk=096aebf0d0295b32,096aebf0d0295b32,2,"Análise de dados, UPS"
https://br.indeed.com/viewjob?jk=dec347bd8db61711,dec347bd8db61711,2,"CEM, EMI"
https://br.indeed.com/viewjob?jk=b90cd565d8c2fadb,b90cd565d8c2fadb,2,"CEM, EMI"
https://br.indeed.com/viewjob?jk=7bebd52ae8751c4f,7bebd52ae8751c4f,2,"CEM, EMI"
https://br.indeed.com/viewjob?jk=7d482b3f775e9258,7d482b3f775e9258,2,"Frameworks, UPS"
https://br.indeed.com/viewjob?jk=ad425aa12eff93f5,ad425aa12eff93f5,2,"CEM, IoT"
https://br.indeed.com/viewjob?jk=653e4d17f0f05295,653e4d17f0f05295,2,"CEM, EMI"
https://br.indeed.com/viewjob?jk=ba0d0b9cb18e08a2,ba0d0b9cb18e08a2,2,"CEM, EMI"
https://br.indeed.com/viewjob?jk=4d231b459fe1fd0e,4d231b459fe1fd0e,2,"CEM, EMI"
https://br.indeed.com/viewjob?jk=bf1a52f931a85e1c,bf1a52f931a85e1c,2,"Análise de dados, SQL"
https://br.indeed.com/viewjob?jk=7e2f2c67e2de3a3b,7e2f2c67e2de3a3b,2,"CEM, EMI"
https://br.indeed.com/viewjob?jk=b5606189ad8506eb,b5606189ad8506eb,2,"Engenharia de software, SQL"
https://br.indeed.com/viewjob?jk=1965598d32681817,1965598d32681817,2,"CEM, EMI"
https://br.indeed.com/viewjob?jk=0309aa732e5cf4a3,0309aa732e5cf4a3,2,"CEM, IoT"
https://br.indeed.com/viewjob?jk=fe4a0756126b1366,fe4a0756126b1366,2,"CEM, EMI"
https://br.indeed.com/viewjob?jk=dbbf2831003caa01,dbbf2831003caa01,2,"CEM, UPS"
https://br.indeed.com/viewjob?jk=c0c035f9da8d736a,c0c035f9da8d736a,2,"CEM, EMI"
https://br.indeed.com/viewjob?jk=ad624b784073feb5,ad624b784073feb5,2,"CEM, EMI"
https://br.indeed.com/viewjob?jk=b480b0a6052e8c9c,b480b0a6052e8c9c,2,"CEM, EMI"
https://br.indeed.com/viewjob?jk=41c88e4f7d62712a,41c88e4f7d62712a,2,"CEM, EMI"
https://br.indeed.com/viewjob?jk=13675eff8631793a,13675eff8631793a,2,"CEM, EMI"
https://br.indeed.com/viewjob?jk=2fe145c02ec8a590,2fe145c02ec8a590,2,"CEM, EMI"
https://br.indeed.com/viewjob?jk=0c2324143cda8e29,0c2324143cda8e29,2,"CEM, UPS"
https://br.indeed.com/viewjob?jk=392561a08097d505,392561a08097d505,2,"CEM, SQL"
https://br.indeed.com/viewjob?jk=9a9d5001c3df828a,9a9d5001c3df828a,2,"CEM, EMI"
https://br.indeed.com/viewjob?jk=2cfbadae80818c9d,2cfbadae80818c9d,2,"EMI, Engenharia de software"
https://br.indeed.com/viewjob?jk=4813502cf057d86d,4813502cf057d86d,2,"CEM, EMI"
https://br.indeed.com/viewjob?jk=fc9a4e348b056407,fc9a4e348b056407,2,"Inversores de frequência, UPS"
https://br.indeed.com/viewjob?jk=ba29f0da7da2530a,ba29f0da7da2530a,2,"EMI, UPS"
https://br.indeed.com/viewjob?jk=0bd05bc32afbe5a0,0bd05bc32afbe5a0,2,"Análise de dados, EMI"
https://br.indeed.com/viewjob?jk=595f7a04c8e3f870,595f7a04c8e3f870,2,"CEM, Frameworks"
https://br.indeed.com/viewjob?jk=7a842909338d09ea,7a842909338d09ea,2,"CEM, UPS"
https://br.indeed.com/viewjob?jk=4a29fc6e545f8241,4a29fc6e545f8241,2,"Kanban, Scrum"
https://br.indeed.com/viewjob?jk=c0d1ee596e5e6bb6,c0d1ee596e5e6bb6,2,"Kanban, Scrum"
https://br.indeed.com/viewjob?jk=3fd30bfdb0c79ddf,3fd30bfdb0c79ddf,2,"CEM, SQL"
https://br.indeed.com/viewjob?jk=a8954e55eb2e1178,a8954e55eb2e1178,2,"CEM, EMI"
https://br.indeed.com/viewjob?jk=5181be3d6fbcd50d,5181be3d6fbcd50d,2,"CEM, Frameworks"
https://br.indeed.com/viewjob?jk=34ff90d01e92c8cd,34ff90d01e92c8cd,2,"CEM, EMI"
https://br.indeed.com/viewjob?jk=a0c6da74e9830a51,a0c6da74e9830a51,2,"CEM, EMI"
https://br.indeed.com/viewjob?jk=dd0b1d55298e8c6f,dd0b1d55298e8c6f,2,"CEM, SQL"
https://br.indeed.com/viewjob?jk=ac8e9a694662b055,ac8e9a694662b055,2,"CEM, EMI"
https://br.indeed.com/viewjob?jk=575c8b55e4b7d2fb,575c8b55e4b7d2fb,2,"MySQL, SQL"
https://br.indeed.com/viewjob?jk=ecbe4e9c5321e3a3,ecbe4e9c5321e3a3,2,"EMI, SQL"
https://br.indeed.com/viewjob?jk=0f3d1633f5951f0c,0f3d1633f5951f0c,2,"CEM, IoT"
https://br.indeed.com/viewjob?jk=88d7e8714f22c046,88d7e8714f22c046,2,"Kanban, SQL"
https://br.indeed.com/viewjob?jk=c9cff700a06677ac,c9cff700a06677ac,2,"Metodologias ágeis, UPS"
https://br.indeed.com/viewjob?jk=9f9623ba541b38a9,9f9623ba541b38a9,2,"CEM, EMI"
https://br.indeed.com/viewjob?jk=b635674a69025e6f,b635674a69025e6f,2,"EMI, UPS"
https://br.indeed.com/viewjob?jk=fc4a44d5efcb8c13,fc4a44d5efcb8c13,2,"Scrum, Testes de software"
https://br.indeed.com/viewjob?jk=17f669aebcc7a21f,17f669aebcc7a21f,2,"Frameworks, SQL"
https://br.indeed.com/viewjob?jk=adf2f76f08950f33,adf2f76f08950f33,2,"CEM, EMI"
https://br.indeed.com/viewjob?jk=ac05b09db82b78c2,ac05b09db82b78c2,2,"Frameworks, IoT"
https://br.indeed.com/viewjob?jk=f8c4d6d7d516ff92,f8c4d6d7d516ff92,2,"Kanban, Scrum"
https://br.indeed.com/viewjob?jk=e4082aad63c3112a,e4082aad63c3112a,2,"EMI, SQL"
https://br.indeed.com/viewjob?jk=c7121c3ceb414311,c7121c3ceb414311,2,"CEM, EMI"
https://br.indeed.com/viewjob?jk=2b3ae2ed5d0ba982,2b3ae2ed5d0ba982,2,"CEM, EMI"
https://br.indeed.com/viewjob?jk=0ce7310254dab375,0ce7310254dab375,2,"CEM, EMI"
https://br.indeed.com/viewjob?jk=6edda5e350f8af80,6edda5e350f8af80,2,"CEM, EMI"
https://br.indeed.com/viewjob?jk=a92e205e7531fa88,a92e205e7531fa88,2,"CEM, EMI"
https://br.indeed.com/viewjob?jk=8776c9e451037028,8776c9e451037028,2,"CEM, EMI"
https://br.indeed.com/viewjob?jk=449c52c3f657ed8b,449c52c3f657ed8b,2,"CEM, Sistemas de controle"
https://br.indeed.com/viewjob?jk=50ddf8a39dfc6313,50ddf8a39dfc6313,2,"EMI, IoT"
https://br.indeed.com/viewjob?jk=dee3c2cc33b32378,dee3c2cc33b32378,2,"Engenharia de software, Modelagem de dados"
https://br.indeed.com/viewjob?jk=03f7a09a6da8a7ac,03f7a09a6da8a7ac,2,"Classificação, EMI"
https://br.indeed.com/viewjob?jk=f856279279ee158b,f856279279ee158b,2,"CEM, EMI"
https://br.indeed.com/viewjob?jk=95391a3f9e1a128c,95391a3f9e1a128c,2,"CEM, Engenharia de software"
https://br.indeed.com/viewjob?jk=56e7f7d927fc7c97,56e7f7d927fc7c97,2,"CEM, EMI"
https://br.indeed.com/viewjob?jk=6fe3f2770c573f70,6fe3f2770c573f70,2,"CEM, EMI"
https://br.indeed.com/viewjob?jk=a75bdf900ef84bd0,a75bdf900ef84bd0,2,"CEM, EMI"
https://br.indeed.com/viewjob?jk=22bfd931dd153c21,22bfd931dd153c21,2,"CEM, EMI"
https://br.indeed.com/viewjob?jk=7dd341264eab74f4,7dd341264eab74f4,2,"CEM, EMI"
https://br.indeed.com/viewjob?jk=33b17ccecf9d930c,33b17ccecf9d930c,2,"EMI, IoT"
https://br.indeed.com/viewjob?jk=528902b2c98ca5f0,528902b2c98ca5f0,2,"CEM, EMI"
https://br.indeed.com/viewjob?jk=a0ba0795a0e5ec2e,a0ba0795a0e5ec2e,2,"CEM, EMI"
https://br.indeed.com/viewjob?jk=1f9385307dd408e3,1f9385307dd408e3,2,"CEM, EMI"
https://br.indeed.com/viewjob?jk=c2f7c555312cf560,c2f7c555312cf560,2,"CEM, EMI"
https://br.indeed.com/viewjob?jk=c14dbf0d28b14fd1,c14dbf0d28b14fd1,2,"CEM, EMI"
https://br.indeed.com/viewjob?jk=4333b4d92b07b7b3,4333b4d92b07b7b3,2,"CEM, EMI"
https://br.indeed.com/viewjob?jk=3e57838727f04ea1,3e57838727f04ea1,2,"CEM, EMI"
https://br.indeed.com/viewjob?jk=f911b393b8b44d60,f911b393b8b44d60,2,"CEM, EMI"
https://br.indeed.com/viewjob?jk=17900bd1fe9a0568,17900bd1fe9a0568,2,"CEM, EMI"
https://br.indeed.com/viewjob?jk=35d5f3a5d4e854d0,35d5f3a5d4e854d0,2,"CEM, EMI"
https://br.indeed.com/viewjob?jk=b97fb918fae9f7b6,b97fb918fae9f7b6,2,"CEM, EMI"
https://br.indeed.com/viewjob?jk=2c6cdb4dbf69e387,2c6cdb4dbf69e387,2,"CEM, EMI"
https://br.indeed.com/viewjob?jk=1503fa4c2cc2c48d,1503fa4c2cc2c48d,2,"CEM, EMI"
https://br.indeed.com/viewjob?jk=56ed922ec0365bc9,56ed922ec0365bc9,2,"CEM, EMI"
https://br.indeed.com/viewjob?jk=bcca5d977fe805da,bcca5d977fe805da,2,"AGM, EMI"
https://br.indeed.com/viewjob?jk=3f93d64e4e30bd69,3f93d64e4e30bd69,2,"CEM, EMI"
https://br.indeed.com/viewjob?jk=a3c550d0878d51bd,a3c550d0878d51bd,2,"Engenharia de software, Modelagem de dados"
https://br.indeed.com/viewjob?jk=d8b82a9fde622a35,d8b82a9fde622a35,2,"Engenharia de software, Modelagem de dados"
https://br.indeed.com/viewjob?jk=da05b6d5c61dbd16,da05b6d5c61dbd16,2,"CEM, EMI"
https://br.indeed.com/viewjob?jk=66e1fb4b7fd4b0ea,66e1fb4b7fd4b0ea,2,"MySQL, SQL"
https://br.indeed.com/viewjob?jk=a55a69d27cd7af62,a55a69d27cd7af62,2,"SQL, UPS"
https://br.indeed.com/viewjob?jk=55bb1810aa805603,55bb1810aa805603,2,"Análise de dados, Metodologias ágeis"
https://br.indeed.com/viewjob?jk=b7f1c60bd9bb32a0,b7f1c60bd9bb32a0,2,"CEM, EMI"
https://br.indeed.com/viewjob?jk=a253f303a26dfd02,a253f303a26dfd02,2,"Arquitetura de software, Protocolos de comunicação"
https://br.indeed.com/viewjob?jk=d142ec41bca14c10,d142ec41bca14c10,2,"Frameworks, SQL"
https://br.indeed.com/viewjob?jk=847a37cea4d17578,847a37cea4d17578,2,"EMI, SQL"
https://br.indeed.com/viewjob?jk=0a2c45377d4e7dea,0a2c45377d4e7dea,2,"MySQL, SQL"
https://br.indeed.com/viewjob?jk=8531ec68b1e7bd43,8531ec68b1e7bd43,2,"EMI, Kanban"
https://br.indeed.com/viewjob?jk=1087cdfe52465181,1087cdfe52465181,2,"Inteligência artificial, SQL"
https://br.indeed.com/viewjob?jk=f7c83407d4ea4f52,f7c83407d4ea4f52,2,"CEM, EMI"
https://br.indeed.com/viewjob?jk=65442027298e3a1c,65442027298e3a1c,2,"CEM, EMI"
https://br.indeed.com/viewjob?jk=06985a2e337a3b25,06985a2e337a3b25,2,"CEM, EMI"
https://br.indeed.com/viewjob?jk=d0978d0ebdb53fde,d0978d0ebdb53fde,2,"CEM, Modelagem de dados"
https://br.indeed.com/viewjob?jk=f5d42109511a4ea8,f5d42109511a4ea8,2,"CEM, EMI"
https://br.indeed.com/viewjob?jk=aff2b832bdd89227,aff2b832bdd89227,2,"EMI, IoT"
https://br.indeed.com/viewjob?jk=8f99ecbd93d9d39f,8f99ecbd93d9d39f,2,"Engenharia de software, Metodologias ágeis"
https://br.indeed.com/viewjob?jk=4f20ca0535848c48,4f20ca0535848c48,2,"EMI, UPS"
https://br.indeed.com/viewjob?jk=49529398f6654837,49529398f6654837,2,"Engenharia de software, SQL"
https://br.indeed.com/viewjob?jk=c5f81d398e4c6ee3,c5f81d398e4c6ee3,2,"Scrum, UML"
https://br.indeed.com/viewjob?jk=b7cb0421302ce17f,b7cb0421302ce17f,2,"Frameworks, UPS"
https://br.indeed.com/viewjob?jk=869e6d83956a97a3,869e6d83956a97a3,2,"Kanban, UPS"
https://br.indeed.com/viewjob?jk=ed80e8e02925a3bf,ed80e8e02925a3bf,2,"SQL, UPS"
https://br.indeed.com/viewjob?jk=90e964b4dea1f6f4,90e964b4dea1f6f4,2,"Machine learning, UPS"
https://br.indeed.com/viewjob?jk=f3ac35e5e9142d78,f3ac35e5e9142d78,2,"Frameworks, SQL"
https://br.indeed.com/viewjob?jk=213d8b339cac5134,213d8b339cac5134,2,"EMI, Metodologias ágeis"
https://br.indeed.com/viewjob?jk=3b6a9b401bd45f87,3b6a9b401bd45f87,2,"PostgreSQL, SQL"
https://br.indeed.com/viewjob?jk=b0a72d3013f535e2,b0a72d3013f535e2,2,"Análise de dados, EMI"
https://br.indeed.com/viewjob?jk=99d9fabdfc518b5c,99d9fabdfc518b5c,2,"EMI, Metodologias ágeis"
https://br.indeed.com/viewjob?jk=81f15aeba40ef01e,81f15aeba40ef01e,2,"Metodologias ágeis, Scrum"
https://br.indeed.com/viewjob?jk=d7a70797472c2c92,d7a70797472c2c92,2,"CEM, EMI"
https://br.indeed.com/viewjob?jk=032302452efb0c41,032302452efb0c41,2,"Metodologias ágeis, Scrum"
https://br.indeed.com/viewjob?jk=887843740db92058,887843740db92058,2,"Análise de dados, SQL"
https://br.indeed.com/viewjob?jk=378f92c3ffd9b766,378f92c3ffd9b766,2,"CEM, SQL"
https://br.indeed.com/viewjob?jk=56c835c5a8a392c7,56c835c5a8a392c7,2,"CEM, EMI"
https://br.indeed.com/viewjob?jk=142a46a2c1d6c53e,142a46a2c1d6c53e,2,"PostgreSQL, SQL"
https://br.indeed.com/viewjob?jk=5fcccf7821d56eb2,5fcccf7821d56eb2,2,"Análise de sistemas, SQL"
https://br.indeed.com/viewjob?jk=08ac83ee33fe8931,08ac83ee33fe8931,2,"CEM, SQL"
https://br.indeed.com/viewjob?jk=6159a4c2a3b46ae5,6159a4c2a3b46ae5,2,"EMI, SQL"
https://br.indeed.com/viewjob?jk=2be26ab0a5d7f527,2be26ab0a5d7f527,2,"EMI, Redes de computadores"
https://br.indeed.com/viewjob?jk=83ca7010cc609894,83ca7010cc609894,2,"CEM, Protocolos de comunicação"
https://br.indeed.com/viewjob?jk=a32e3dfa472f846a,a32e3dfa472f846a,2,"EMI, IoT"
https://br.indeed.com/viewjob?jk=0f7456b34b75cc16,0f7456b34b75cc16,2,"CEM, EMI"
https://br.indeed.com/viewjob?jk=204b43d5d67db01f,204b43d5d67db01f,2,"EMI, Engenharia de software"
https://br.indeed.com/viewjob?jk=9b1743007126249b,9b1743007126249b,2,"CEM, Eletrônica de potência"
https://br.indeed.com/viewjob?jk=41f0c67c65e730e8,41f0c67c65e730e8,2,"CEM, EMI"
https://br.indeed.com/viewjob?jk=ae75845e0752a587,ae75845e0752a587,2,"CEM, EMI"
https://br.indeed.com/viewjob?jk=ff6c9572af7ff301,ff6c9572af7ff301,2,"CEM, EMI"
https://br.indeed.com/viewjob?jk=c7c45a09a9940547,c7c45a09a9940547,2,"Frameworks, UPS"
https://br.indeed.com/viewjob?jk=a0e596c10ceea448,a0e596c10ceea448,2,"CEM, EMI"
https://br.indeed.com/viewjob?jk=0b782a60b4fd294e,0b782a60b4fd294e,2,"CEM, Inteligência artificial"
https://br.indeed.com/viewjob?jk=b1389a5dddeda5d2,b1389a5dddeda5d2,2,"CEM, EMI"
https://br.indeed.com/viewjob?jk=ca14e61f03cebfe9,ca14e61f03cebfe9,2,"Análise de dados, EMI"
https://br.indeed.com/viewjob?jk=0423fa796717aae2,0423fa796717aae2,2,"CEM, EMI"
https://br.indeed.com/viewjob?jk=b392cc8121a11cc8,b392cc8121a11cc8,2,"Redes de computadores, SQL"
https://br.indeed.com/viewjob?jk=45b68a211bd05f7c,45b68a211bd05f7c,2,"Análise de dados, SQL"
https://br.indeed.com/viewjob?jk=5ad3214a8d1e2134,5ad3214a8d1e2134,2,"CEM, EMI"
https://br.indeed.com/viewjob?jk=164c6bcd7e933683,164c6bcd7e933683,2,"Análise de dados, CEM"
https://br.indeed.com/viewjob?jk=570464fd79194a82,570464fd79194a82,2,"CEM, IoT"
https://br.indeed.com/viewjob?jk=70606fbc74a34dff,70606fbc74a34dff,2,"EMI, UPS"
https://br.indeed.com/viewjob?jk=07fe80d299d001ec,07fe80d299d001ec,2,"CEM, SQL"
https://br.indeed.com/viewjob?jk=2ecd812e405de313,2ecd812e405de313,2,"CEM, SQL"
https://br.indeed.com/viewjob?jk=0c2e955370124546,0c2e955370124546,2,"EMI, UPS"
https://br.indeed.com/viewjob?jk=33cc9a6d7cfb2734,33cc9a6d7cfb2734,2,"CEM, EMI"
https://br.indeed.com/viewjob?jk=a43a8029aab87023,a43a8029aab87023,2,"Análise de dados, CEM"
https://br.indeed.com/viewjob?jk=b7836a6749397cfd,b7836a6749397cfd,2,"GPON, IoT"
https://br.indeed.com/viewjob?jk=8bb580af0ad4927c,8bb580af0ad4927c,2,"EMI, SQL"
https://br.indeed.com/viewjob?jk=8e05d5cc8b6dae7a,8e05d5cc8b6dae7a,2,"CEM, EMI"
https://br.indeed.com/viewjob?jk=77b9379b8c3c59fb,77b9379b8c3c59fb,2,"CEM, Sistemas de controle"
https://br.indeed.com/viewjob?jk=37bd5f2c2a10109e,37bd5f2c2a10109e,2,"Classificação, Machine learning"
https://br.indeed.com/viewjob?jk=d9956abd3e43d8a4,d9956abd3e43d8a4,2,"CEM, EMI"
https://br.indeed.com/viewjob?jk=a833803ed502ff09,a833803ed502ff09,2,"CEM, EMI"
https://br.indeed.com/viewjob?jk=24d7449f66b85444,24d7449f66b85444,2,"Análise de sistemas, CEM"
https://br.indeed.com/viewjob?jk=1e2143e7312aa8fd,1e2143e7312aa8fd,2,"CEM, EMI"
https://br.indeed.com/viewjob?jk=83a3187fb1d53d09,83a3187fb1d53d09,2,"CEM, EMI"
https://br.indeed.com/viewjob?jk=8f5fd15ccdce98e5,8f5fd15ccdce98e5,2,"CEM, EMI"
https://br.indeed.com/viewjob?jk=cd59c9ec97d7c3ce,cd59c9ec97d7c3ce,2,"Classificação, IoT"
https://br.indeed.com/viewjob?jk=0bf15d697d9ae3b9,0bf15d697d9ae3b9,2,"CEM, Redes de computadores"
https://br.indeed.com/viewjob?jk=b0d7fcfc9cfd9498,b0d7fcfc9cfd9498,2,"CEM, EMI"
https://br.indeed.com/viewjob?jk=4c8e28e31666291b,4c8e28e31666291b,2,"CEM, EMI"
https://br.indeed.com/viewjob?jk=c5965f7cca5b8850,c5965f7cca5b8850,2,"CEM, EMI"
https://br.indeed.com/viewjob?jk=8d885eb7cf75f386,8d885eb7cf75f386,2,"CEM, EMI"
https://br.indeed.com/viewjob?jk=b590e0be5862156b,b590e0be5862156b,2,"CEM, EMI"
https://br.indeed.com/viewjob?jk=8ecd5e6bddd0d7ef,8ecd5e6bddd0d7ef,2,"CEM, EMI"
https://br.indeed.com/viewjob?jk=54d1d0d29885d56e,54d1d0d29885d56e,2,"CEM, EMI"
https://br.indeed.com/viewjob?jk=228ae7fa22a2b609,228ae7fa22a2b609,2,"EMI, Frameworks"
https://br.indeed.com/viewjob?jk=0f6de5725cbeab9c,0f6de5725cbeab9c,2,"Análise de dados, EMI"
https://br.indeed.com/viewjob?jk=189ccd29edcb333e,189ccd29edcb333e,2,"EMI, Metodologias ágeis"
https://br.indeed.com/viewjob?jk=8eeef1fc5f1c5f38,8eeef1fc5f1c5f38,2,"EMI, Kanban"
https://br.indeed.com/viewjob?jk=7da5656fa177517d,7da5656fa177517d,2,"EMI, Metodologias ágeis"
https://br.indeed.com/viewjob?jk=07294aa2b61c6c79,07294aa2b61c6c79,2,"Análise de dados, Modelagem de dados"
https://br.indeed.com/viewjob?jk=7bc66a49fa0704a4,7bc66a49fa0704a4,2,"CEM, EMI"
https://br.indeed.com/viewjob?jk=5ffff51f71f620b8,5ffff51f71f620b8,2,"CEM, UPS"
https://br.indeed.com/viewjob?jk=a0c6a8a490ab728a,a0c6a8a490ab728a,2,"CEM, Frameworks"
https://br.indeed.com/viewjob?jk=5fe99987035b302b,5fe99987035b302b,2,"EMI, IoT"
https://br.indeed.com/viewjob?jk=f0d71d68a43e7d0c,f0d71d68a43e7d0c,2,"CEM, EMI"
https://br.indeed.com/viewjob?jk=4b21b3f965374c09,4b21b3f965374c09,2,"Análise de dados, Engenharia de software"
https://br.indeed.com/viewjob?jk=41f3eada3667417a,41f3eada3667417a,2,"EMI, Kanban"
https://br.indeed.com/viewjob?jk=7a37d3257b67d067,7a37d3257b67d067,2,"CEM, EMI"
https://br.indeed.com/viewjob?jk=333eea7a98c1ad07,333eea7a98c1ad07,2,"CEM, EMI"
https://br.indeed.com/viewjob?jk=4d3a3acd7595a035,4d3a3acd7595a035,2,"CEM, EMI"
https://br.indeed.com/viewjob?jk=8ba458c525a89b71,8ba458c525a89b71,2,"CEM, EMI"
https://br.indeed.com/viewjob?jk=aeac8fd391a8c79b,aeac8fd391a8c79b,2,"CEM, EMI"
https://br.indeed.com/viewjob?jk=665c9154cf5ad8fe,665c9154cf5ad8fe,2,"Frameworks, UPS"
https://br.indeed.com/viewjob?jk=786971a311fbd7ef,786971a311fbd7ef,2,"Frameworks, UPS"
https://br.indeed.com/viewjob?jk=9ef2f62468138796,9ef2f62468138796,2,"Aprendizado de máquina, Inteligência artificial"
https://br.indeed.com/viewjob?jk=e02f77d4cbc2367a,e02f77d4cbc2367a,2,"CEM, EMI"
https://br.indeed.com/viewjob?jk=fba91b9b9ba74064,fba91b9b9ba74064,2,"CEM, EMI"
https://br.indeed.com/viewjob?jk=b64e8031d49ff46a,b64e8031d49ff46a,2,"Análise de dados, SQL"
https://br.indeed.com/viewjob?jk=1a07b78b801334b1,1a07b78b801334b1,2,"CEM, EMI"
https://br.indeed.com/viewjob?jk=556c6f186f9b1157,556c6f186f9b1157,2,"EMI, Redes de computadores"
https://br.indeed.com/viewjob?jk=b5107f35383195eb,b5107f35383195eb,2,"CEM, EMI"
https://br.indeed.com/viewjob?jk=6f44af4d60e98880,6f44af4d60e98880,2,"EMI, Redes de computadores"
https://br.indeed.com/viewjob?jk=4a878a990f29aed2,4a878a990f29aed2,2,"CEM, EMI"
https://br.indeed.com/viewjob?jk=3ac9373b42009eb6,3ac9373b42009eb6,2,"PostgreSQL, SQL"
https://br.indeed.com/viewjob?jk=d6212b4395010c86,d6212b4395010c86,2,"PostgreSQL, SQL"
https://br.indeed.com/viewjob?jk=531e98af80c77a1b,531e98af80c77a1b,2,"Análise de dados, SQL"
https://br.indeed.com/viewjob?jk=f769eb3c4f0b1be2,f769eb3c4f0b1be2,2,"CEM, EMI"
https://br.indeed.com/viewjob?jk=f0e2e36753b6004c,f0e2e36753b6004c,2,"Arquitetura de software, Metodologias ágeis"
https://br.indeed.com/viewjob?jk=7ef54875275679ec,7ef54875275679ec,2,"EMI, Frameworks"
https://br.indeed.com/viewjob?jk=1829a60aac1bb4cb,1829a60aac1bb4cb,2,"CEM, EMI"
https://br.indeed.com/viewjob?jk=6ad15e6d47618a26,6ad15e6d47618a26,2,"Redes de computadores, SQL"
https://br.indeed.com/viewjob?jk=4c91aeb4cd712f27,4c91aeb4cd712f27,2,"CEM, IoT"
https://br.indeed.com/viewjob?jk=f1bef95b5fc6aa7b,f1bef95b5fc6aa7b,2,"CEM, EMI"
https://br.indeed.com/viewjob?jk=9ebef87a07cb79c8,9ebef87a07cb79c8,2,"Redes de computadores, SQL"
https://br.indeed.com/viewjob?jk=9395e50d88f94634,9395e50d88f94634,2,"CEM, Protocolos de comunicação"
https://br.indeed.com/viewjob?jk=e04007cfe2efb81e,e04007cfe2efb81e,2,"CEM, EMI"
https://br.indeed.com/viewjob?jk=df8326bdd9454276,df8326bdd9454276,2,"CEM, Engenharia de software"
https://br.indeed.com/viewjob?jk=52d7b6c790503cb0,52d7b6c790503cb0,2,"EMI, IoT"
https://br.indeed.com/viewjob?jk=225966074248d044,225966074248d044,2,"CEM, EMI"
https://br.indeed.com/viewjob?jk=7e773a00856d00e4,7e773a00856d00e4,2,"EMI, Scrum"
https://br.indeed.com/viewjob?jk=8c2d669c82faae04,8c2d669c82faae04,2,"Kanban, Scrum"
https://br.indeed.com/viewjob?jk=55f1e7646de20647,55f1e7646de20647,2,"CEM, EMI"
https://br.indeed.com/viewjob?jk=9dd43357b947c08a,9dd43357b947c08a,2,"CEM, Redes de computadores"
https://br.indeed.com/viewjob?jk=c10589683e98d37d,c10589683e98d37d,2,"Metodologias ágeis, Testes de software"
https://br.indeed.com/viewjob?jk=63e5f3ec03257a3c,63e5f3ec03257a3c,2,"Análise de sistemas, SQL"
https://br.indeed.com/viewjob?jk=b0685626a5d19c19,b0685626a5d19c19,2,"EMI, SQL"
https://br.indeed.com/viewjob?jk=d77e7f3682f6731e,d77e7f3682f6731e,2,"MySQL, SQL"
https://br.indeed.com/viewjob?jk=4a45081721c296e7,4a45081721c296e7,2,"CEM, Sistemas de controle"
https://br.indeed.com/viewjob?jk=d59828e16977c5f5,d59828e16977c5f5,2,"CEM, EMI"
https://br.indeed.com/viewjob?jk=33bdeae57e74e7d6,33bdeae57e74e7d6,2,"CEM, EMI"
https://br.indeed.com/viewjob?jk=345574c5978db77a,345574c5978db77a,2,"CEM, EMI"
https://br.indeed.com/viewjob?jk=2006dcd15b6c3653,2006dcd15b6c3653,2,"Engenharia de software, Inteligência artificial"
https://br.indeed.com/viewjob?jk=b6224b1f3a008e19,b6224b1f3a008e19,2,"Análise de dados, UPS"
https://br.indeed.com/viewjob?jk=7d4658092d373084,7d4658092d373084,2,"CEM, EMI"
https://br.indeed.com/viewjob?jk=b8b773bde21d482d,b8b773bde21d482d,2,"CEM, EMI"
https://br.indeed.com/viewjob?jk=37ae815eb20aa2fd,37ae815eb20aa2fd,2,"MySQL, SQL"
https://br.indeed.com/viewjob?jk=4023eb165b36ccc9,4023eb165b36ccc9,2,"CEM, SQL"
https://br.indeed.com/viewjob?jk=c97e27f1e33fb1fd,c97e27f1e33fb1fd,2,"Deep learning, EMI"
https://br.indeed.com/viewjob?jk=4026ddef87439a45,4026ddef87439a45,2,"Frameworks, UPS"
https://br.indeed.com/viewjob?jk=eb18fc0922601cc9,eb18fc0922601cc9,2,"Scrum, Testes de software"
https://br.indeed.com/viewjob?jk=0363d069d7c43667,0363d069d7c43667,2,"CEM, EMI"
https://br.indeed.com/viewjob?jk=8e43a6220b0f8126,8e43a6220b0f8126,2,"CEM, EMI"
https://br.indeed.com/viewjob?jk=f3d4ae3123be9626,f3d4ae3123be9626,2,"CEM, EMI"
https://br.indeed.com/viewjob?jk=9476b1f7c074046a,9476b1f7c074046a,2,"Modelagem de dados, SQL"
https://br.indeed.com/viewjob?jk=ecab183eef22e660,ecab183eef22e660,2,"EMI, SQL"
https://br.indeed.com/viewjob?jk=8d6c78b5b9dccde7,8d6c78b5b9dccde7,2,"EMI, Metodologias ágeis"
https://br.indeed.com/viewjob?jk=5a2bb45102f96e78,5a2bb45102f96e78,2,"CEM, EMI"
https://br.indeed.com/viewjob?jk=ecdc45cc1f1c4f6c,ecdc45cc1f1c4f6c,1,CEM
https://br.indeed.com/viewjob?jk=586c3023e8fa8fd9,586c3023e8fa8fd9,1,UPS
https://br.indeed.com/viewjob?jk=a6c6e34853782915,a6c6e34853782915,1,EMI
https://br.indeed.com/viewjob?jk=51216caf39b6a8bc,51216caf39b6a8bc,1,UPS
https://br.indeed.com/viewjob?jk=be67968338e31848,be67968338e31848,1,Metodologias ágeis
https://br.indeed.com/viewjob?jk=ab3ae2905a3d37cd,ab3ae2905a3d37cd,1,UPS
https://br.indeed.com/viewjob?jk=6f3d1e6d58fc6cd9,6f3d1e6d58fc6cd9,1,Redes de computadores
https://br.indeed.com/viewjob?jk=de5c83e204e5a80f,de5c83e204e5a80f,1,Inversores de frequência
https://br.indeed.com/viewjob?jk=a3ce57d23375564f,a3ce57d23375564f,1,EMI
https://br.indeed.com/viewjob?jk=9287639752926265,9287639752926265,1,CEM
https://br.indeed.com/viewjob?jk=a63507ddbc62bf6b,a63507ddbc62bf6b,1,CEM
https://br.indeed.com/viewjob?jk=86c863ec86b50b36,86c863ec86b50b36,1,CEM
https://br.indeed.com/viewjob?jk=06f58e8b654cbb6a,06f58e8b654cbb6a,1,CEM
https://br.indeed.com/viewjob?jk=8859e0977ccacb5d,8859e0977ccacb5d,1,CEM
https://br.indeed.com/viewjob?jk=64e14f23ff990913,64e14f23ff990913,1,CEM
https://br.indeed.com/viewjob?jk=db0050c92c7c603a,db0050c92c7c603a,1,EMI
https://br.indeed.com/viewjob?jk=ee4db169e8e40248,ee4db169e8e40248,1,Sistemas de controle
https://br.indeed.com/viewjob?jk=1e28bbbe1fae48f8,1e28bbbe1fae48f8,1,EMI
https://br.indeed.com/viewjob?jk=f3ad6265cd6860b8,f3ad6265cd6860b8,1,EMI
https://br.indeed.com/viewjob?jk=90814f9c4a078fc3,90814f9c4a078fc3,1,CEM
https://br.indeed.com/viewjob?jk=ebf90e65bdf55698,ebf90e65bdf55698,1,EMI
https://br.indeed.com/viewjob?jk=29edb7d3a8e1ce19,29edb7d3a8e1ce19,1,CEM
https://br.indeed.com/viewjob?jk=a7b2182d2cd31b14,a7b2182d2cd31b14,1,EMI
https://br.indeed.com/viewjob?jk=5e9744e725983210,5e9744e725983210,1,UPS
https://br.indeed.com/viewjob?jk=e393f01bb0add24b,e393f01bb0add24b,1,EMI
https://br.indeed.com/viewjob?jk=45ab367d403ccd9f,45ab367d403ccd9f,1,EMI
https://br.indeed.com/viewjob?jk=b7ea397aa3bfb7fb,b7ea397aa3bfb7fb,1,Testes de software
https://br.indeed.com/viewjob?jk=944b19353bc881f2,944b19353bc881f2,1,CEM
https://br.indeed.com/viewjob?jk=987c76b08c30a365,987c76b08c30a365,1,EMI
https://br.indeed.com/viewjob?jk=3659042df92499e5,3659042df92499e5,1,Análise de dados
https://br.indeed.com/viewjob?jk=f1620d907efdb75f,f1620d907efdb75f,1,EMI
https://br.indeed.com/viewjob?jk=256138ac033689f8,256138ac033689f8,1,UPS
https://br.indeed.com/viewjob?jk=96b45ae6b7145645,96b45ae6b7145645,1,IoT
https://br.indeed.com/viewjob?jk=7d4462a0a3328a46,7d4462a0a3328a46,1,EMI
https://br.indeed.com/viewjob?jk=d689f2456b3cb900,d689f2456b3cb900,1,EMI
https://br.indeed.com/viewjob?jk=420d8546dd667ad6,420d8546dd667ad6,1,CEM
https://br.indeed.com/viewjob?jk=f84e59a0bbe32bb4,f84e59a0bbe32bb4,1,EMI
https://br.indeed.com/viewjob?jk=977674be3b1a587b,977674be3b1a587b,1,EMI
https://br.indeed.com/viewjob?jk=8024566469b193d6,8024566469b193d6,1,CEM
https://br.indeed.com/viewjob?jk=228724464a5b339e,228724464a5b339e,1,Análise de dados
https://br.indeed.com/viewjob?jk=c348ca3d5cbdd071,c348ca3d5cbdd071,1,EMI
https://br.indeed.com/viewjob?jk=edf61d4206620206,edf61d4206620206,1,EMI
https://br.indeed.com/viewjob?jk=7c1016102bba350e,7c1016102bba350e,1,EMI
https://br.indeed.com/viewjob?jk=5c9923c591b72da8,5c9923c591b72da8,1,Análise de dados
https://br.indeed.com/viewjob?jk=6c75b64ae5a5d352,6c75b64ae5a5d352,1,IoT
https://br.indeed.com/viewjob?jk=e6ffbe16a0704713,e6ffbe16a0704713,1,CEM
https://br.indeed.com/viewjob?jk=18343f865ab1110a,18343f865ab1110a,1,EMI
https://br.indeed.com/viewjob?jk=d3af5c99d68ab740,d3af5c99d68ab740,1,EMI
https://br.indeed.com/viewjob?jk=c4c87b7682de6f0a,c4c87b7682de6f0a,1,EMI
https://br.indeed.com/viewjob?jk=95ab92937743212a,95ab92937743212a,1,EMI
https://br.indeed.com/viewjob?jk=be71aaaed80bc924,be71aaaed80bc924,1,EMI
https://br.indeed.com/viewjob?jk=9290e2de60825e8c,9290e2de60825e8c,1,EMI
https://br.indeed.com/viewjob?jk=99fa73b3ea442c89,99fa73b3ea442c89,1,Preparação de dados
https://br.indeed.com/viewjob?jk=b8828d0012a8feb2,b8828d0012a8feb2,1,EMI
https://br.indeed.com/viewjob?jk=b8d304d4c0c50328,b8d304d4c0c50328,1,EMI
https://br.indeed.com/viewjob?jk=1a8eac1a03c21175,1a8eac1a03c21175,1,EMI
https://br.indeed.com/viewjob?jk=68c327c8789b6182,68c327c8789b6182,1,CEM
https://br.indeed.com/viewjob?jk=b5206406d1069246,b5206406d1069246,1,CEM
https://br.indeed.com/viewjob?jk=88ae5fa88f5eb2ec,88ae5fa88f5eb2ec,1,Análise de dados
https://br.indeed.com/viewjob?jk=8d478a6230dc0f8f,8d478a6230dc0f8f,1,SQL
https://br.indeed.com/viewjob?jk=0619a6356fe48c40,0619a6356fe48c40,1,EMI
https://br.indeed.com/viewjob?jk=6c9f1d76cc4f6a52,6c9f1d76cc4f6a52,1,Engenharia de software
https://br.indeed.com/viewjob?jk=57b531b277905ac5,57b531b277905ac5,1,SQL
https://br.indeed.com/viewjob?jk=21c4a96f44334428,21c4a96f44334428,1,CEM
https://br.indeed.com/viewjob?jk=d216fcf7515bd60a,d216fcf7515bd60a,1,EMI
https://br.indeed.com/viewjob?jk=9adb698a00e39481,9adb698a00e39481,1,EMI
https://br.indeed.com/viewjob?jk=b7bc107ab936cb0a,b7bc107ab936cb0a,1,CEM
https://br.indeed.com/viewjob?jk=4908039f3f8681b1,4908039f3f8681b1,1,CEM
https://br.indeed.com/viewjob?jk=ababda7719b33185,ababda7719b33185,1,CEM
https://br.indeed.com/viewjob?jk=9712d3fac7d95ba9,9712d3fac7d95ba9,1,EMI
https://br.indeed.com/viewjob?jk=e598d8b1a40c5ac4,e598d8b1a40c5ac4,1,CEM
https://br.indeed.com/viewjob?jk=18f2bd1e0fec0e0e,18f2bd1e0fec0e0e,1,Sistemas de controle
https://br.indeed.com/viewjob?jk=cb1cc64fdfc2c545,cb1cc64fdfc2c545,1,Análise de dados
https://br.indeed.com/viewjob?jk=b480198e249050da,b480198e249050da,1,CEM
https://br.indeed.com/viewjob?jk=a6c9cd11c6e06e19,a6c9cd11c6e06e19,1,CEM
https://br.indeed.com/viewjob?jk=05cb0fd18a8b99c8,05cb0fd18a8b99c8,1,Protocolos de comunicação
https://br.indeed.com/viewjob?jk=ca18d6c7900637f5,ca18d6c7900637f5,1,EMI
https://br.indeed.com/viewjob?jk=3a5409b01c8aaacc,3a5409b01c8aaacc,1,EMI
https://br.indeed.com/viewjob?jk=1014499afdec63c3,1014499afdec63c3,1,EMI
https://br.indeed.com/viewjob?jk=e5ad299bbc481311,e5ad299bbc481311,1,CEM
https://br.indeed.com/viewjob?jk=c9002536ae2acb8f,c9002536ae2acb8f,1,SQL
https://br.indeed.com/viewjob?jk=ec1ec290fd9ea9af,ec1ec290fd9ea9af,1,UPS
https://br.indeed.com/viewjob?jk=7daa4c2a9ed833dd,7daa4c2a9ed833dd,1,AGM
https://br.indeed.com/viewjob?jk=c5e0040ba170cb28,c5e0040ba170cb28,1,AGM
https://br.indeed.com/viewjob?jk=8082c897c0b76409,8082c897c0b76409,1,CEM
https://br.indeed.com/viewjob?jk=529a7047fd77374a,529a7047fd77374a,1,AGM
https://br.indeed.com/viewjob?jk=5daafc3f907190b8,5daafc3f907190b8,1,UPS
https://br.indeed.com/viewjob?jk=7c2017912404365a,7c2017912404365a,1,EMI
https://br.indeed.com/viewjob?jk=1f1ee5f5504f1c97,1f1ee5f5504f1c97,1,EMI
https://br.indeed.com/viewjob?jk=fa4d560365054559,fa4d560365054559,1,EMI
https://br.indeed.com/viewjob?jk=156887c93899bfab,156887c93899bfab,1,EMI
https://br.indeed.com/viewjob?jk=c4b43059d723a434,c4b43059d723a434,1,EMI
https://br.indeed.com/viewjob?jk=201b5ebc879d97d6,201b5ebc879d97d6,1,EMI
https://br.indeed.com/viewjob?jk=0658ff9e3569b0ef,0658ff9e3569b0ef,1,EMI
https://br.indeed.com/viewjob?jk=cabf70d2895d707f,cabf70d2895d707f,1,Análise de dados
https://br.indeed.com/viewjob?jk=39bac35f490df061,39bac35f490df061,1,EMI
https://br.indeed.com/viewjob?jk=40b7a6dc826ac596,40b7a6dc826ac596,1,Engenharia de software
https://br.indeed.com/viewjob?jk=b7730d337280be4a,b7730d337280be4a,1,EMI
https://br.indeed.com/viewjob?jk=7e39e7d4f80bad29,7e39e7d4f80bad29,1,Análise de dados
https://br.indeed.com/viewjob?jk=b39eab8d80731ffb,b39eab8d80731ffb,1,CEM
https://br.indeed.com/viewjob?jk=0220be85b3a64e0a,0220be85b3a64e0a,1,Levantamento de requisitos
https://br.indeed.com/viewjob?jk=9128a53fe5dd3f73,9128a53fe5dd3f73,1,EMI
https://br.indeed.com/viewjob?jk=6d189e51d89a7d98,6d189e51d89a7d98,1,Inversores de frequência
https://br.indeed.com/viewjob?jk=3b5e2413b86c4a2c,3b5e2413b86c4a2c,1,EMI
https://br.indeed.com/viewjob?jk=2ea7d432d4985d88,2ea7d432d4985d88,1,EMI
https://br.indeed.com/viewjob?jk=48474acbedaa10ef,48474acbedaa10ef,1,CEM
https://br.indeed.com/viewjob?jk=b4e92ed184d158ac,b4e92ed184d158ac,1,Inversores de frequência
https://br.indeed.com/viewjob?jk=6f9b6291b978ac56,6f9b6291b978ac56,1,EMI
https://br.indeed.com/viewjob?jk=8064c036e79dafcc,8064c036e79dafcc,1,CEM
https://br.indeed.com/viewjob?jk=5738ad92501ca7e5,5738ad92501ca7e5,1,CEM
https://br.indeed.com/viewjob?jk=249ab0aa6e46a7c2,249ab0aa6e46a7c2,1,Sistemas de controle
https://br.indeed.com/viewjob?jk=bba49e7cb4750392,bba49e7cb4750392,1,EMI
https://br.indeed.com/viewjob?jk=7a8b7d9c0ef108ca,7a8b7d9c0ef108ca,1,IoT
https://br.indeed.com/viewjob?jk=34894427bd9807d0,34894427bd9807d0,1,UPS
https://br.indeed.com/viewjob?jk=2597df6d5918d1d3,2597df6d5918d1d3,1,EMI
https://br.indeed.com/viewjob?jk=3ca9ea2d549df612,3ca9ea2d549df612,1,EMI
https://br.indeed.com/viewjob?jk=5d9d2f2b6916fbf2,5d9d2f2b6916fbf2,1,CEM
https://br.indeed.com/viewjob?jk=3b9c48c43576b085,3b9c48c43576b085,1,EMI
https://br.indeed.com/viewjob?jk=10c167c988ab9165,10c167c988ab9165,1,EMI
https://br.indeed.com/viewjob?jk=2ada189aee950175,2ada189aee950175,1,EMI
https://br.indeed.com/viewjob?jk=24dcf2788fd0c392,24dcf2788fd0c392,1,EMI
https://br.indeed.com/viewjob?jk=ece5cddb48ba8a49,ece5cddb48ba8a49,1,EMI
https://br.indeed.com/viewjob?jk=8062374949b01f60,8062374949b01f60,1,Inversores de frequência
https://br.indeed.com/viewjob?jk=82054a4e311ef025,82054a4e311ef025,1,CEM
https://br.indeed.com/viewjob?jk=dd67daf7f400b0fc,dd67daf7f400b0fc,1,IoT
https://br.indeed.com/viewjob?jk=462be428dd1fec08,462be428dd1fec08,1,UPS
https://br.indeed.com/viewjob?jk=50b0d2a8649f51a5,50b0d2a8649f51a5,1,CEM
https://br.indeed.com/viewjob?jk=20151ff5565f00c5,20151ff5565f00c5,1,CEM
https://br.indeed.com/viewjob?jk=e2813a9642c95bc0,e2813a9642c95bc0,1,CEM
https://br.indeed.com/viewjob?jk=f46b90db6c7a5dc1,f46b90db6c7a5dc1,1,CEM
https://br.indeed.com/viewjob?jk=dcc8c5798e3b3bcf,dcc8c5798e3b3bcf,1,GPON
https://br.indeed.com/viewjob?jk=446d7bf3beabde9e,446d7bf3beabde9e,1,CEM
https://br.indeed.com/viewjob?jk=b69cc9c1f12810b3,b69cc9c1f12810b3,1,GPON
https://br.indeed.com/viewjob?jk=9ec56a3245a52647,9ec56a3245a52647,1,Redes de computadores
https://br.indeed.com/viewjob?jk=95b6025c48c64bc2,95b6025c48c64bc2,1,Redes de computadores
https://br.indeed.com/viewjob?jk=33e770bb6793991a,33e770bb6793991a,1,CEM
https://br.indeed.com/viewjob?jk=c424326ab7a979e4,c424326ab7a979e4,1,CEM
https://br.indeed.com/viewjob?jk=dcd740342cb89b87,dcd740342cb89b87,1,Sistemas de controle
https://br.indeed.com/viewjob?jk=22244d298170f117,22244d298170f117,1,Análise de dados
https://br.indeed.com/viewjob?jk=78fcc8651ef73269,78fcc8651ef73269,1,EMI
https://br.indeed.com/viewjob?jk=317201d485704a96,317201d485704a96,1,Análise de dados
https://br.indeed.com/viewjob?jk=c91e87d87f3a63b5,c91e87d87f3a63b5,1,EMI
https://br.indeed.com/viewjob?jk=fdc5b3a9b9465468,fdc5b3a9b9465468,1,UPS
https://br.indeed.com/viewjob?jk=c278a6a3252a3b49,c278a6a3252a3b49,1,CEM
https://br.indeed.com/viewjob?jk=7f33429a4d96689d,7f33429a4d96689d,1,CEM
https://br.indeed.com/viewjob?jk=4a8147d10212ab62,4a8147d10212ab62,1,Inversores de frequência
https://br.indeed.com/viewjob?jk=8a4676b113bb2551,8a4676b113bb2551,1,Redes de computadores
https://br.indeed.com/viewjob?jk=8c69d592bb5a2721,8c69d592bb5a2721,1,Sistemas de controle
https://br.indeed.com/viewjob?jk=ff73a56c922b1929,ff73a56c922b1929,1,Sistemas de controle
https://br.indeed.com/viewjob?jk=4348c0181291054a,4348c0181291054a,1,Kanban
https://br.indeed.com/viewjob?jk=1e904a7e7450bf48,1e904a7e7450bf48,1,SQL
https://br.indeed.com/viewjob?jk=7fcccf91125482fc,7fcccf91125482fc,1,CEM
https://br.indeed.com/viewjob?jk=0e950d7962537213,0e950d7962537213,1,UPS
https://br.indeed.com/viewjob?jk=2a258d28263e91dd,2a258d28263e91dd,1,UPS
https://br.indeed.com/viewjob?jk=afea962258bd3a07,afea962258bd3a07,1,CEM
https://br.indeed.com/viewjob?jk=fda583ee76a0e96d,fda583ee76a0e96d,1,Frameworks
https://br.indeed.com/viewjob?jk=3130d528d903ed65,3130d528d903ed65,1,CEM
https://br.indeed.com/viewjob?jk=c3c4daad4c357ad0,c3c4daad4c357ad0,1,EMI
https://br.indeed.com/viewjob?jk=703c664cdc086c08,703c664cdc086c08,1,EMI
https://br.indeed.com/viewjob?jk=80b0cde309ac8ffd,80b0cde309ac8ffd,1,Análise de dados
https://br.indeed.com/viewjob?jk=ac2c036a7ec91e92,ac2c036a7ec91e92,1,EMI
https://br.indeed.com/viewjob?jk=8eacb1f65e03239b,8eacb1f65e03239b,1,EMI
https://br.indeed.com/viewjob?jk=040c4ab8be7dc8d2,040c4ab8be7dc8d2,1,UPS
https://br.indeed.com/viewjob?jk=6fbcbae52ba0df3d,6fbcbae52ba0df3d,1,IoT
https://br.indeed.com/viewjob?jk=c6321afadc59a194,c6321afadc59a194,1,EMI
https://br.indeed.com/viewjob?jk=1d70d6c3a061fedc,1d70d6c3a061fedc,1,EMI
https://br.indeed.com/viewjob?jk=5f329585a2456e54,5f329585a2456e54,1,Análise de dados
https://br.indeed.com/viewjob?jk=6b0943ec30755513,6b0943ec30755513,1,EMI
https://br.indeed.com/viewjob?jk=3421a8c4cfe4f52c,3421a8c4cfe4f52c,1,CEM
https://br.indeed.com/viewjob?jk=f8d52ca014b5b021,f8d52ca014b5b021,1,EMI
https://br.indeed.com/viewjob?jk=183a4116a63ed70d,183a4116a63ed70d,1,CEM
https://br.indeed.com/viewjob?jk=d24a530402f8b87d,d24a530402f8b87d,1,CEM
https://br.indeed.com/viewjob?jk=4dae52d4afc8f836,4dae52d4afc8f836,1,CEM
https://br.indeed.com/viewjob?jk=199d48944ce8f674,199d48944ce8f674,1,UPS
https://br.indeed.com/viewjob?jk=727ef0efb659b1b8,727ef0efb659b1b8,1,CEM
https://br.indeed.com/viewjob?jk=e71a2654bd7538b4,e71a2654bd7538b4,1,CEM
https://br.indeed.com/viewjob?jk=b69e4dfcc501dd70,b69e4dfcc501dd70,1,CEM
https://br.indeed.com/viewjob?jk=768141feec5acb46,768141feec5acb46,1,CEM
https://br.indeed.com/viewjob?jk=c546cfa5a94ef8d7,c546cfa5a94ef8d7,1,EMI
https://br.indeed.com/viewjob?jk=7aac6e0b69ad608a,7aac6e0b69ad608a,1,EMI
https://br.indeed.com/viewjob?jk=4a7e6b19cd98b67b,4a7e6b19cd98b67b,1,CEM
https://br.indeed.com/viewjob?jk=24fb57663f799dbe,24fb57663f799dbe,1,IoT
https://br.indeed.com/viewjob?jk=38abe45b244b5c84,38abe45b244b5c84,1,EMI
https://br.indeed.com/viewjob?jk=44cc82bb4b01dbf2,44cc82bb4b01dbf2,1,EMI
https://br.indeed.com/viewjob?jk=6894e8c0ac27429f,6894e8c0ac27429f,1,EMI
https://br.indeed.com/viewjob?jk=905dd6f55c4ddefb,905dd6f55c4ddefb,1,EMI
https://br.indeed.com/viewjob?jk=4baea5f08f293d9d,4baea5f08f293d9d,1,Análise de dados
https://br.indeed.com/viewjob?jk=6b1d4073ca03e50c,6b1d4073ca03e50c,1,EMI
https://br.indeed.com/viewjob?jk=904e8f25748377e4,904e8f25748377e4,1,EMI
https://br.indeed.com/viewjob?jk=0f85e4dc2e8a21ba,0f85e4dc2e8a21ba,1,CEM
https://br.indeed.com/viewjob?jk=3593dc0e72f800b8,3593dc0e72f800b8,1,IoT
https://br.indeed.com/viewjob?jk=96535419daaa71f7,96535419daaa71f7,1,EMI
https://br.indeed.com/viewjob?jk=52a08b412d315048,52a08b412d315048,1,CEM
https://br.indeed.com/viewjob?jk=d844f7cde80c21da,d844f7cde80c21da,1,EMI
https://br.indeed.com/viewjob?jk=2ad9074e705522da,2ad9074e705522da,1,EMI
https://br.indeed.com/viewjob?jk=821d7c510796c41b,821d7c510796c41b,1,IoT
https://br.indeed.com/viewjob?jk=55f9fbd9989737a1,55f9fbd9989737a1,1,SQL
https://br.indeed.com/viewjob?jk=53c6879f11715263,53c6879f11715263,1,SQL
https://br.indeed.com/viewjob?jk=7c8c0f535bf45870,7c8c0f535bf45870,1,SQL
https://br.indeed.com/viewjob?jk=03d7cea0a3f12e84,03d7cea0a3f12e84,1,SQL
https://br.indeed.com/viewjob?jk=8ac47948556b0b0d,8ac47948556b0b0d,1,UPS
https://br.indeed.com/viewjob?jk=73884308ab9c5f98,73884308ab9c5f98,1,CEM
https://br.indeed.com/viewjob?jk=3574df6740490dcf,3574df6740490dcf,1,EMI
https://br.indeed.com/viewjob?jk=d588b723acc8bf6d,d588b723acc8bf6d,1,EMI
https://br.indeed.com/viewjob?jk=aab2e6e32eb8e4fe,aab2e6e32eb8e4fe,1,CEM
https://br.indeed.com/viewjob?jk=52dfba9643fac5ef,52dfba9643fac5ef,1,CEM
https://br.indeed.com/viewjob?jk=c4ef5290022750a9,c4ef5290022750a9,1,UPS
https://br.indeed.com/viewjob?jk=958bf27e44d3cc2b,958bf27e44d3cc2b,1,CEM
https://br.indeed.com/viewjob?jk=fcb294228a2a3ad0,fcb294228a2a3ad0,1,CEM
https://br.indeed.com/viewjob?jk=74c72a2cc8ad8880,74c72a2cc8ad8880,1,IoT
https://br.indeed.com/viewjob?jk=e214212496ca22b2,e214212496ca22b2,1,EMI
https://br.indeed.com/viewjob?jk=9f32bf8e2c0431db,9f32bf8e2c0431db,1,Kanban
https://br.indeed.com/viewjob?jk=4ecc757bf54764ad,4ecc757bf54764ad,1,Kanban
https://br.indeed.com/viewjob?jk=369528c7d91fb595,369528c7d91fb595,1,Kanban
https://br.indeed.com/viewjob?jk=d824d9c16f8f4442,d824d9c16f8f4442,1,Kanban
https://br.indeed.com/viewjob?jk=3e9269833990d506,3e9269833990d506,1,Kanban
https://br.indeed.com/viewjob?jk=9ce6d7a48e0f1b6a,9ce6d7a48e0f1b6a,1,Frameworks
https://br.indeed.com/viewjob?jk=d897f57c75b475b9,d897f57c75b475b9,1,EMI
https://br.indeed.com/viewjob?jk=883608cca81ae20c,883608cca81ae20c,1,EMI
https://br.indeed.com/viewjob?jk=2ec61f0e06d7fc52,2ec61f0e06d7fc52,1,Análise de dados
https://br.indeed.com/viewjob?jk=61d6f1ca926c11b2,61d6f1ca926c11b2,1,CEM
https://br.indeed.com/viewjob?jk=d79bb907d9fa1fd8,d79bb907d9fa1fd8,1,EMI
https://br.indeed.com/viewjob?jk=dd01e1dbbc995bd8,dd01e1dbbc995bd8,1,CEM
https://br.indeed.com/viewjob?jk=13dd4060f5e5518f,13dd4060f5e5518f,1,Micro-ondas
https://br.indeed.com/viewjob?jk=84fec87bf9c76c0c,84fec87bf9c76c0c,1,Redes de computadores
https://br.indeed.com/viewjob?jk=cd937a352e0c4cb6,cd937a352e0c4cb6,1,Redes de computadores
https://br.indeed.com/viewjob?jk=f26f874a04debdf0,f26f874a04debdf0,1,Redes de computadores
https://br.indeed.com/viewjob?jk=884b44dd8d6d7cc1,884b44dd8d6d7cc1,1,SQL
https://br.indeed.com/viewjob?jk=9e27eda6c4a3879a,9e27eda6c4a3879a,1,SQL
https://br.indeed.com/viewjob?jk=842e490e45732141,842e490e45732141,1,SQL
https://br.indeed.com/viewjob?jk=ae4c570cffeb89d5,ae4c570cffeb89d5,1,SQL
https://br.indeed.com/viewjob?jk=f4509ef25616a5a9,f4509ef25616a5a9,1,Engenharia de software
https://br.indeed.com/viewjob?jk=a5605982519077ad,a5605982519077ad,1,SQL
https://br.indeed.com/viewjob?jk=937e498a097a1072,937e498a097a1072,1,SQL
https://br.indeed.com/viewjob?jk=11b3ebc5806fee85,11b3ebc5806fee85,1,Frameworks
https://br.indeed.com/viewjob?jk=1dd510fa445b4f84,1dd510fa445b4f84,1,UPS
https://br.indeed.com/viewjob?jk=e50985c78e81513c,e50985c78e81513c,1,Redes de computadores
https://br.indeed.com/viewjob?jk=cea1923cce13954d,cea1923cce13954d,1,Protocolos de comunicação
https://br.indeed.com/viewjob?jk=92cb058948ea6087,92cb058948ea6087,1,Scrum
https://br.indeed.com/viewjob?jk=134ffaf74ab89b7d,134ffaf74ab89b7d,1,CEM
https://br.indeed.com/viewjob?jk=543e8c0196b05f6c,543e8c0196b05f6c,1,CEM
https://br.indeed.com/viewjob?jk=27a1aa7864ae721f,27a1aa7864ae721f,1,EMI
https://br.indeed.com/viewjob?jk=23ab411798a3c749,23ab411798a3c749,1,CEM
https://br.indeed.com/viewjob?jk=7929a86785a41de6,7929a86785a41de6,1,Metodologias ágeis
https://br.indeed.com/viewjob?jk=c37d173b9f215686,c37d173b9f215686,1,CEM
https://br.indeed.com/viewjob?jk=ba05a59881ec5a24,ba05a59881ec5a24,1,CEM
https://br.indeed.com/viewjob?jk=43de61f0ead9d6a8,43de61f0ead9d6a8,1,CEM
https://br.indeed.com/viewjob?jk=c3f41dc97c82872e,c3f41dc97c82872e,1,Modelagem de dados
https://br.indeed.com/viewjob?jk=d5a88759bef38634,d5a88759bef38634,1,Metodologias ágeis
https://br.indeed.com/viewjob?jk=54552fbfbf3d7f96,54552fbfbf3d7f96,1,EMI
https://br.indeed.com/viewjob?jk=4e5404832bf54cb3,4e5404832bf54cb3,1,Arquitetura de software
https://br.indeed.com/viewjob?jk=5bf844fcbf4142eb,5bf844fcbf4142eb,1,EMI
https://br.indeed.com/viewjob?jk=2d63263cb9be8081,2d63263cb9be8081,1,Redes de computadores
https://br.indeed.com/viewjob?jk=50e318199ee68b1c,50e318199ee68b1c,1,CEM
https://br.indeed.com/viewjob?jk=ad8135f891216735,ad8135f891216735,1,Modelagem de dados
https://br.indeed.com/viewjob?jk=168766aaf2676a0c,168766aaf2676a0c,1,Modelagem de dados
https://br.indeed.com/viewjob?jk=0976a11e710e1c2c,0976a11e710e1c2c,1,SQL
https://br.indeed.com/viewjob?jk=1763b666731a230a,1763b666731a230a,1,Análise de dados
https://br.indeed.com/viewjob?jk=e451b28cebfc68fc,e451b28cebfc68fc,1,CEM
https://br.indeed.com/viewjob?jk=5e77e08ebc48ad2c,5e77e08ebc48ad2c,1,EMI
https://br.indeed.com/viewjob?jk=393d91bbef30b629,393d91bbef30b629,1,SQL
https://br.indeed.com/viewjob?jk=750d005b35e2ffda,750d005b35e2ffda,1,Scrum
https://br.indeed.com/viewjob?jk=7ab3815bc81483c5,7ab3815bc81483c5,1,Casos de uso
https://br.indeed.com/viewjob?jk=a75a9f704a8d8370,a75a9f704a8d8370,1,SQL
https://br.indeed.com/viewjob?jk=bb3f92a64e8c08a5,bb3f92a64e8c08a5,1,UPS
https://br.indeed.com/viewjob?jk=a6f9768fe4803e08,a6f9768fe4803e08,1,UPS
https://br.indeed.com/viewjob?jk=6c7abc23c9e62a09,6c7abc23c9e62a09,1,UPS
https://br.indeed.com/viewjob?jk=09148891383f9e04,09148891383f9e04,1,EMI
https://br.indeed.com/viewjob?jk=aa9f6a2a99efd40d,aa9f6a2a99efd40d,1,UPS
https://br.indeed.com/viewjob?jk=33604f509a2ba03f,33604f509a2ba03f,1,UPS
https://br.indeed.com/viewjob?jk=0223e931b6f6bcc1,0223e931b6f6bcc1,1,CEM
https://br.indeed.com/viewjob?jk=b0e72e9f90e79e27,b0e72e9f90e79e27,1,CEM
https://br.indeed.com/viewjob?jk=ec7c0bda0927a8b9,ec7c0bda0927a8b9,1,Análise de dados
https://br.indeed.com/viewjob?jk=f98c2f3f0bfd71a4,f98c2f3f0bfd71a4,1,CEM
https://br.indeed.com/viewjob?jk=cc0af7420ca6b712,cc0af7420ca6b712,1,EMI
https://br.indeed.com/viewjob?jk=71de6ab6703e6230,71de6ab6703e6230,1,EMI
https://br.indeed.com/viewjob?jk=12742d8374c7bd78,12742d8374c7bd78,1,CEM
https://br.indeed.com/viewjob?jk=f6bb13c24904c1f3,f6bb13c24904c1f3,1,CEM
https://br.indeed.com/viewjob?jk=0c1264cf2ed4e39f,0c1264cf2ed4e39f,1,UPS
https://br.indeed.com/viewjob?jk=c0da77e5d54b1d6a,c0da77e5d54b1d6a,1,EMI
https://br.indeed.com/viewjob?jk=d7d97a62487cd8d7,d7d97a62487cd8d7,1,CEM
https://br.indeed.com/viewjob?jk=1fa8f9e35b139aa0,1fa8f9e35b139aa0,1,EMI
https://br.indeed.com/viewjob?jk=5e855e09a4fc2c21,5e855e09a4fc2c21,1,EMI
https://br.indeed.com/viewjob?jk=1b166bbb6bb5f458,1b166bbb6bb5f458,1,Análise de dados
https://br.indeed.com/viewjob?jk=2e9c4e444d5eef53,2e9c4e444d5eef53,1,EMI
https://br.indeed.com/viewjob?jk=f1104f6e24463686,f1104f6e24463686,1,SQL
https://br.indeed.com/viewjob?jk=d58db8b40819f140,d58db8b40819f140,1,EMI
https://br.indeed.com/viewjob?jk=6d1ea9677e3087aa,6d1ea9677e3087aa,1,CEM
https://br.indeed.com/viewjob?jk=a4a347da328e27d4,a4a347da328e27d4,1,EMI
https://br.indeed.com/viewjob?jk=2072368d431cea5c,2072368d431cea5c,1,EMI
https://br.indeed.com/viewjob?jk=79a986e39946777b,79a986e39946777b,1,CEM
https://br.indeed.com/viewjob?jk=4ceb49eb8236bcc5,4ceb49eb8236bcc5,1,Desenvolvimento ágil
https://br.indeed.com/viewjob?jk=f4b11d9658dfe443,f4b11d9658dfe443,1,CEM
https://br.indeed.com/viewjob?jk=e78412cd095ed012,e78412cd095ed012,1,Protocolos de comunicação
https://br.indeed.com/viewjob?jk=b48a746f1eda0a4a,b48a746f1eda0a4a,1,Casos de uso
https://br.indeed.com/viewjob?jk=743f82c9520d8050,743f82c9520d8050,1,CEM
https://br.indeed.com/viewjob?jk=ce40b32f6e15586e,ce40b32f6e15586e,1,CEM
https://br.indeed.com/viewjob?jk=31943dd80e4e8963,31943dd80e4e8963,1,CEM
https://br.indeed.com/viewjob?jk=7afafd754e05c811,7afafd754e05c811,1,CEM
https://br.indeed.com/viewjob?jk=196242b3ace0bd17,196242b3ace0bd17,1,CEM
https://br.indeed.com/viewjob?jk=2d460b735de43ac6,2d460b735de43ac6,1,CEM
https://br.indeed.com/viewjob?jk=0b9dcfa4307b744b,0b9dcfa4307b744b,1,CEM
https://br.indeed.com/viewjob?jk=defa4c67ed38ef7f,defa4c67ed38ef7f,1,CEM
https://br.indeed.com/viewjob?jk=508e7a8d0d98a24f,508e7a8d0d98a24f,1,EMI
https://br.indeed.com/viewjob?jk=2c82acf03950b9f8,2c82acf03950b9f8,1,EMI
https://br.indeed.com/viewjob?jk=581abe2ed55c7005,581abe2ed55c7005,1,AGM
https://br.indeed.com/viewjob?jk=acfcdc7c9c8e602c,acfcdc7c9c8e602c,1,Desenvolvimento ágil
https://br.indeed.com/viewjob?jk=fcf64bb5d50575bc,fcf64bb5d50575bc,1,Codificação de canal
https://br.indeed.com/viewjob?jk=ff521099e3432a08,ff521099e3432a08,1,CEM
https://br.indeed.com/viewjob?jk=788f73633f4f47ba,788f73633f4f47ba,1,CEM
https://br.indeed.com/viewjob?jk=4cf66cf5b787eb2d,4cf66cf5b787eb2d,1,CEM
https://br.indeed.com/viewjob?jk=f8bebcefc10386d3,f8bebcefc10386d3,1,EMI
https://br.indeed.com/viewjob?jk=4707c91e598a2534,4707c91e598a2534,1,EMI
https://br.indeed.com/viewjob?jk=a5b09a775db7173d,a5b09a775db7173d,1,CEM
https://br.indeed.com/viewjob?jk=27603f29a948c062,27603f29a948c062,1,EMI
https://br.indeed.com/viewjob?jk=9dce56abdf80e353,9dce56abdf80e353,1,EMI
https://br.indeed.com/viewjob?jk=77948b7d0ecc070a,77948b7d0ecc070a,1,Análise de dados
https://br.indeed.com/viewjob?jk=e49185ef1fc97805,e49185ef1fc97805,1,EMI
https://br.indeed.com/viewjob?jk=d33ce4e7241a69f8,d33ce4e7241a69f8,1,CEM
https://br.indeed.com/viewjob?jk=aac002144aa532d5,aac002144aa532d5,1,Inteligência artificial
https://br.indeed.com/viewjob?jk=9f6d73127cd9df9d,9f6d73127cd9df9d,1,UPS
https://br.indeed.com/viewjob?jk=d64369f66dcc9e37,d64369f66dcc9e37,1,CEM
https://br.indeed.com/viewjob?jk=cbbbb935b36a5368,cbbbb935b36a5368,1,EMI
https://br.indeed.com/viewjob?jk=4926689d59c42db0,4926689d59c42db0,1,Inversores de frequência
https://br.indeed.com/viewjob?jk=d3aa12a76bf39392,d3aa12a76bf39392,1,CEM
https://br.indeed.com/viewjob?jk=29443b0a2df7c239,29443b0a2df7c239,1,Inversores de frequência
https://br.indeed.com/viewjob?jk=7c6042546d8e2f17,7c6042546d8e2f17,1,Inversores de frequência
https://br.indeed.com/viewjob?jk=81fee6e47c903304,81fee6e47c903304,1,CEM
https://br.indeed.com/viewjob?jk=3aacabfaeff3808d,3aacabfaeff3808d,1,CEM
https://br.indeed.com/viewjob?jk=3dfc4a86da236dab,3dfc4a86da236dab,1,EMI
https://br.indeed.com/viewjob?jk=a02e07a55097c0ca,a02e07a55097c0ca,1,CEM
https://br.indeed.com/viewjob?jk=c9314081e813f433,c9314081e813f433,1,EMI
https://br.indeed.com/viewjob?jk=d9841d6fad9f54b7,d9841d6fad9f54b7,1,CEM
https://br.indeed.com/viewjob?jk=50c628a6d20bc34c,50c628a6d20bc34c,1,UPS
https://br.indeed.com/viewjob?jk=fb1fbe1dc8c21236,fb1fbe1dc8c21236,1,EMI
https://br.indeed.com/viewjob?jk=547341a44cd0b5d3,547341a44cd0b5d3,1,Análise de dados
https://br.indeed.com/viewjob?jk=f0343fbaebde44b0,f0343fbaebde44b0,1,EMI
https://br.indeed.com/viewjob?jk=b9d2359683b08593,b9d2359683b08593,1,EMI
https://br.indeed.com/viewjob?jk=9207752902c50ff4,9207752902c50ff4,1,EMI
https://br.indeed.com/viewjob?jk=bf63f23b887a9fa1,bf63f23b887a9fa1,1,CEM
https://br.indeed.com/viewjob?jk=1d63f655e48c66b3,1d63f655e48c66b3,1,EMI
https://br.indeed.com/viewjob?jk=6c4b0a7e6e909855,6c4b0a7e6e909855,1,Análise de dados
https://br.indeed.com/viewjob?jk=4b124ade15cac896,4b124ade15cac896,1,Levantamento de requisitos
https://br.indeed.com/viewjob?jk=7609c25a1c556329,7609c25a1c556329,1,EMI
https://br.indeed.com/viewjob?jk=c5a06ce4efac203b,c5a06ce4efac203b,1,EMI
https://br.indeed.com/viewjob?jk=473ca4c09732af1e,473ca4c09732af1e,1,EMI
https://br.indeed.com/viewjob?jk=205284c6acd14012,205284c6acd14012,1,IoT
https://br.indeed.com/viewjob?jk=61d4b622940d81a5,61d4b622940d81a5,1,EMI
https://br.indeed.com/viewjob?jk=54e3a9405a7f2bef,54e3a9405a7f2bef,1,CEM
https://br.indeed.com/viewjob?jk=a3058783cf5b4c7f,a3058783cf5b4c7f,1,CEM
https://br.indeed.com/viewjob?jk=83c8a1e79426e6aa,83c8a1e79426e6aa,1,Redes de computadores
https://br.indeed.com/viewjob?jk=f245387c103c8374,f245387c103c8374,1,EMI
https://br.indeed.com/viewjob?jk=5aac844e2bcb8324,5aac844e2bcb8324,1,EMI
https://br.indeed.com/viewjob?jk=2432a3a822a886f9,2432a3a822a886f9,1,EMI
https://br.indeed.com/viewjob?jk=0ba10f35687bfb8b,0ba10f35687bfb8b,1,CEM
https://br.indeed.com/viewjob?jk=eb0570f58647b93a,eb0570f58647b93a,1,CEM
https://br.indeed.com/viewjob?jk=5555527b78a81e59,5555527b78a81e59,1,EMI
https://br.indeed.com/viewjob?jk=45ae278c69565485,45ae278c69565485,1,EMI
https://br.indeed.com/viewjob?jk=759d8b9f00d6e80e,759d8b9f00d6e80e,1,CEM
https://br.indeed.com/viewjob?jk=8641b9b6f8930daf,8641b9b6f8930daf,1,UPS
https://br.indeed.com/viewjob?jk=b2e777645d556a65,b2e777645d556a65,1,Redes de computadores
https://br.indeed.com/viewjob?jk=0170b58dd9c32c11,0170b58dd9c32c11,1,EMI
https://br.indeed.com/viewjob?jk=f3d6812cec239fc8,f3d6812cec239fc8,1,EMI
https://br.indeed.com/viewjob?jk=edcf344220a23c37,edcf344220a23c37,1,EMI
https://br.indeed.com/viewjob?jk=446627e30648ef29,446627e30648ef29,1,UPS
https://br.indeed.com/viewjob?jk=7ccee47e653cf919,7ccee47e653cf919,1,EMI
https://br.indeed.com/viewjob?jk=efbb57e73da8d16a,efbb57e73da8d16a,1,EMI
https://br.indeed.com/viewjob?jk=12fa5adcdfff0f2c,12fa5adcdfff0f2c,1,EMI
https://br.indeed.com/viewjob?jk=9f8990a9ce70c918,9f8990a9ce70c918,1,CEM
https://br.indeed.com/viewjob?jk=abfbae62b5190929,abfbae62b5190929,1,CEM
https://br.indeed.com/viewjob?jk=6cf73328dd99947a,6cf73328dd99947a,1,EMI
https://br.indeed.com/viewjob?jk=f0b8b0cb737fc294,f0b8b0cb737fc294,1,EMI
https://br.indeed.com/viewjob?jk=2dc2ab0e12c01076,2dc2ab0e12c01076,1,CEM
https://br.indeed.com/viewjob?jk=318e1c42def1797e,318e1c42def1797e,1,EMI
https://br.indeed.com/viewjob?jk=02081ed1d588fdb8,02081ed1d588fdb8,1,EMI
https://br.indeed.com/viewjob?jk=bad9c1ba38d6f6e4,bad9c1ba38d6f6e4,1,CEM
https://br.indeed.com/viewjob?jk=1657ea9c99abdf6c,1657ea9c99abdf6c,1,EMI
https://br.indeed.com/viewjob?jk=28efad51520e419c,28efad51520e419c,1,EMI
https://br.indeed.com/viewjob?jk=32f5bc5416d7300a,32f5bc5416d7300a,1,Análise de dados
https://br.indeed.com/viewjob?jk=6258db013820fa08,6258db013820fa08,1,EMI
https://br.indeed.com/viewjob?jk=e36b4f47dcab1a54,e36b4f47dcab1a54,1,SQL
https://br.indeed.com/viewjob?jk=66e3619e03408691,66e3619e03408691,1,Redes de computadores
https://br.indeed.com/viewjob?jk=d5a0c18e406ccb79,d5a0c18e406ccb79,1,SQL
https://br.indeed.com/viewjob?jk=92c0a567b1ee4034,92c0a567b1ee4034,1,CEM
https://br.indeed.com/viewjob?jk=70720bc97ce9be96,70720bc97ce9be96,1,CEM
https://br.indeed.com/viewjob?jk=ca1f735193f3f884,ca1f735193f3f884,1,EMI
https://br.indeed.com/viewjob?jk=5661d25131e557ac,5661d25131e557ac,1,CEM
https://br.indeed.com/viewjob?jk=5bf35eb171a1b4ef,5bf35eb171a1b4ef,1,EMI
https://br.indeed.com/viewjob?jk=c285cafc9f281881,c285cafc9f281881,1,EMI
https://br.indeed.com/viewjob?jk=9acee2b2db28a5fb,9acee2b2db28a5fb,1,EMI
https://br.indeed.com/viewjob?jk=4c83d6f00bcf1b1b,4c83d6f00bcf1b1b,1,IoT
https://br.indeed.com/viewjob?jk=c98103bc4628a190,c98103bc4628a190,1,EMI
https://br.indeed.com/viewjob?jk=af931ca9cee16ebc,af931ca9cee16ebc,1,CEM
https://br.indeed.com/viewjob?jk=ed1052a0f2e7ca2b,ed1052a0f2e7ca2b,1,CEM
https://br.indeed.com/viewjob?jk=b3b10d7dbe9b6c1a,b3b10d7dbe9b6c1a,1,Testes de software
https://br.indeed.com/viewjob?jk=c6d89592d39f9c43,c6d89592d39f9c43,1,EMI
https://br.indeed.com/viewjob?jk=653d94423815376f,653d94423815376f,1,EMI
https://br.indeed.com/viewjob?jk=f3269837fb663793,f3269837fb663793,1,EMI
https://br.indeed.com/viewjob?jk=38fe46d5287afe24,38fe46d5287afe24,1,CEM
https://br.indeed.com/viewjob?jk=d89696c501cb3170,d89696c501cb3170,1,CEM
https://br.indeed.com/viewjob?jk=542cb65b7df39204,542cb65b7df39204,1,CEM
https://br.indeed.com/viewjob?jk=0a79a75e9e33926f,0a79a75e9e33926f,1,CEM
https://br.indeed.com/viewjob?jk=80b792810d715c5b,80b792810d715c5b,1,CEM
https://br.indeed.com/viewjob?jk=557102736a45072c,557102736a45072c,1,UPS
https://br.indeed.com/viewjob?jk=2fc59d24f621aa24,2fc59d24f621aa24,1,EMI
https://br.indeed.com/viewjob?jk=096524e37948a5c8,096524e37948a5c8,1,EMI
https://br.indeed.com/viewjob?jk=f03a704bbe2b472c,f03a704bbe2b472c,1,UPS
https://br.indeed.com/viewjob?jk=327f9b6b1750c9e3,327f9b6b1750c9e3,1,EMI
https://br.indeed.com/viewjob?jk=5191b128a95692e0,5191b128a95692e0,1,CEM
https://br.indeed.com/viewjob?jk=0f8c4bd2e0c44400,0f8c4bd2e0c44400,1,EMI
https://br.indeed.com/viewjob?jk=864efca1165fb20a,864efca1165fb20a,1,CEM
https://br.indeed.com/viewjob?jk=44d8963451e01717,44d8963451e01717,1,CEM
https://br.indeed.com/viewjob?jk=e8dd2f0b8bd47b56,e8dd2f0b8bd47b56,1,CEM
https://br.indeed.com/viewjob?jk=98197b386483af35,98197b386483af35,1,CEM
https://br.indeed.com/viewjob?jk=766ea330da9a3d26,766ea330da9a3d26,1,Análise de dados
https://br.indeed.com/viewjob?jk=a6ff960240d6b293,a6ff960240d6b293,1,EMI
https://br.indeed.com/viewjob?jk=a66ea339e0cefc9f,a66ea339e0cefc9f,1,EMI
https://br.indeed.com/viewjob?jk=12988f5c61f0c572,12988f5c61f0c572,1,UPS
https://br.indeed.com/viewjob?jk=13b68becb8d51138,13b68becb8d51138,1,EMI
https://br.indeed.com/viewjob?jk=58d0b9f4afbc2da1,58d0b9f4afbc2da1,1,EMI
https://br.indeed.com/viewjob?jk=3697b510dac658c6,3697b510dac658c6,1,EMI
https://br.indeed.com/viewjob?jk=a281be3531f33327,a281be3531f33327,1,EMI
https://br.indeed.com/viewjob?jk=42d528bab34fdb0c,42d528bab34fdb0c,1,EMI
https://br.indeed.com/viewjob?jk=9d99a967752385c7,9d99a967752385c7,1,CEM
https://br.indeed.com/viewjob?jk=5dc3d9e5f10d9a3d,5dc3d9e5f10d9a3d,1,EMI
https://br.indeed.com/viewjob?jk=6c920f39d652d34f,6c920f39d652d34f,1,UPS
https://br.indeed.com/viewjob?jk=94561efb6f0489ca,94561efb6f0489ca,1,EMI
https://br.indeed.com/viewjob?jk=f2e7b2381cadf34d,f2e7b2381cadf34d,1,IoT
https://br.indeed.com/viewjob?jk=1ce14c5d545f835c,1ce14c5d545f835c,1,UPS
https://br.indeed.com/viewjob?jk=6c5ce06a0c9dac45,6c5ce06a0c9dac45,1,EMI
